code,manufacturer,device_name,report_type,readiness_level,readiness_score,candidate_level,pixel_pitch_um,pixel_pitch_source,active_si_um,active_si_source,dti_type,dti_depth_um,dti_depth_source,dti_width_um,photocathode_depth_um,p_well_depth_um,pinning_depth_um,transfer_gate_type,transfer_gate_depth_um,fd_depth_um,optical_stack_um,doping_model_kind,sims_seed_profile,recommended_tcad_profile,recommended_profile_kind,model_json
DEP-2511-801,Samsung,HP5,DEP,sims_seed_ready,93.9,measured_doping_table,0.5,extracted,4.0,extracted,full_depth_front_dti,4.2,extracted,0.0954,4.3,0.4,0.1,dual_vertical_transfer_gate,0.44,0.2,1.5,measured_sims_seed_available,/Users/seongcheoljeong/FDTD/measured_profiles/techinsights_sims_seed/dep_2511_801_samsung_hp5/profile.json,/Users/seongcheoljeong/FDTD/measured_profiles/techinsights_sims_seed/dep_2511_801_samsung_hp5/profile.json,sims_seed_profile,models/dep_2511_801_samsung_hp5.json
DEP-2506-801,Samsung,JNP (S5KJNP),DEP,sims_seed_ready,93.0,measured_doping_table,0.64,extracted,3.8,extracted,full_depth_front_dti,3.8,extracted,0.096,3.7,0.36,0.1,dual_vertical_transfer_gate,0.44,0.25,1.5,measured_sims_seed_available,/Users/seongcheoljeong/FDTD/measured_profiles/techinsights_sims_seed/dep_2506_801_samsung_jnp_s5kjnp/profile.json,/Users/seongcheoljeong/FDTD/measured_profiles/techinsights_sims_seed/dep_2506_801_samsung_jnp_s5kjnp/profile.json,sims_seed_profile,models/dep_2506_801_samsung_jnp_s5kjnp.json
DEP-2504-801,Sony,IMX487-AAMJ-C,DEP,sims_seed_ready,92.2,measured_doping_table,2.74,extracted,3.1,extracted,full_depth_front_dti,3.0,extracted,0.141,2.9,0.5,0.07,vertical_transfer_gate,0.44,0.35,3.9,measured_sims_seed_available,/Users/seongcheoljeong/FDTD/measured_profiles/techinsights_sims_seed/dep_2504_801_sony_imx487_aamj_c/profile.json,/Users/seongcheoljeong/FDTD/measured_profiles/techinsights_sims_seed/dep_2504_801_sony_imx487_aamj_c/profile.json,sims_seed_profile,models/dep_2504_801_sony_imx487_aamj_c.json
DEP-2505-802,SmartSens,SC550XS,DEP,sims_seed_ready,88.7,measured_doping_table,1.0,extracted,2.9,extracted,partial_depth_back_dti,0.18,extracted,0.18,2.8,0.5,0.12,unknown,0.0,0.15,2.1,measured_sims_seed_available,/Users/seongcheoljeong/FDTD/measured_profiles/techinsights_sims_seed/dep_2505_802_smartsens_sc550xs/profile.json,/Users/seongcheoljeong/FDTD/measured_profiles/techinsights_sims_seed/dep_2505_802_smartsens_sc550xs/profile.json,sims_seed_profile,models/dep_2505_802_smartsens_sc550xs.json
DEP-2412-801,Sony,IMX900,DEP,sims_seed_ready,88.7,measured_doping_table,2.25,extracted,6.0,extracted,full_depth_front_dti,1.9,extracted,0.185,6.0,0.6,0.2,unknown,0.0,0.26,3.6,measured_sims_seed_available,/Users/seongcheoljeong/FDTD/measured_profiles/techinsights_sims_seed/dep_2412_801_sony_imx900/profile.json,/Users/seongcheoljeong/FDTD/measured_profiles/techinsights_sims_seed/dep_2412_801_sony_imx900/profile.json,sims_seed_profile,models/dep_2412_801_sony_imx900.json
DEP-2511-802,STMicroelectronics,56G812A1A_CIS,DEP,sims_seed_ready,87.8,measured_doping_table,2.9,extracted,9.7,extracted,full_depth_front_dti,0.48,extracted,0.48,0.55,0.67,0.05,unknown,0.0,0.17,3.6,measured_sims_seed_available,/Users/seongcheoljeong/FDTD/measured_profiles/techinsights_sims_seed/dep_2511_802_stmicroelectronics_56g812a1a_cis/profile.json,/Users/seongcheoljeong/FDTD/measured_profiles/techinsights_sims_seed/dep_2511_802_stmicroelectronics_56g812a1a_cis/profile.json,sims_seed_profile,models/dep_2511_802_stmicroelectronics_56g812a1a_cis.json
DEP-2411-801,OmniVision,OX08D10,DEP,sims_seed_ready,87.8,measured_doping_table,2.1,extracted,3.0,extracted,partial_depth_back_dti,2.3,extracted,0.19,2.7,0.5,0.11,unknown,0.0,0.25,2.5,measured_sims_seed_available,/Users/seongcheoljeong/FDTD/measured_profiles/techinsights_sims_seed/dep_2411_801_omnivision_ox08d10/profile.json,/Users/seongcheoljeong/FDTD/measured_profiles/techinsights_sims_seed/dep_2411_801_omnivision_ox08d10/profile.json,sims_seed_profile,models/dep_2411_801_omnivision_ox08d10.json
DEP-2409-801,Samsung,S5KGNJSP03_CIS,DEP,sims_seed_ready,81.9,measured_doping_table,1.0,extracted,4.2,extracted,full_depth_front_dti,4.1,extracted,0.0879,3.696,0.672,0.1,dual_vertical_transfer_gate,0.44,0.231,1.5,measured_sims_seed_available,/Users/seongcheoljeong/FDTD/measured_profiles/techinsights_sims_seed/dep_2409_801_samsung_s5kgnjsp03_cis/profile.json,/Users/seongcheoljeong/FDTD/measured_profiles/techinsights_sims_seed/dep_2409_801_samsung_s5kgnjsp03_cis/profile.json,sims_seed_profile,models/dep_2409_801_samsung_s5kgnjsp03_cis.json
DEP-2405-801,Samsung,S5K1H1SB_CIS,DEP,structure_ready_high,73.8,geometry_plus_process_evidence,2.1,extracted,2.9,extracted,full_depth_front_dti,2.6,extracted,0.125,2.552,0.464,0.1,vertical_transfer_gate,0.44,0.1595,1.8,estimated_archetype_only,,/Users/seongcheoljeong/FDTD/image_sensor_db/generated_tcad_profiles/dep_2405_801_samsung_s5k1h1sb_cis/profile.json,techinsights_proxy_profile,models/dep_2405_801_samsung_s5k1h1sb_cis.json
DEF-2603-801,Samsung,S5K931SX,DEF,structure_ready_high,73.8,geometry_plus_process_evidence,2.2,extracted,7.3,extracted,full_depth_front_dti,7.0,extracted,0.166,6.424,0.8,0.1,vertical_transfer_gate,0.44,0.28,2.7,estimated_archetype_only,,/Users/seongcheoljeong/FDTD/image_sensor_db/generated_tcad_profiles/def_2603_801_samsung_s5k931sx/profile.json,techinsights_proxy_profile,models/def_2603_801_samsung_s5k931sx.json
DEP-2103-802,Leopard Imaging Inc,LI-IMX490-GW5400,DEP,structure_ready_high,72.4,geometry_plus_process_evidence,3.0,extracted,3.1,extracted,full_depth_front_dti,2.3,extracted,0.175,2.728,0.496,0.1,vertical_transfer_gate,0.44,0.1705,3.1,estimated_archetype_only,,/Users/seongcheoljeong/FDTD/image_sensor_db/generated_tcad_profiles/dep_2103_802_leopard_imaging_inc_li_imx490_gw5400/profile.json,techinsights_proxy_profile,models/dep_2103_802_leopard_imaging_inc_li_imx490_gw5400.json
DEP-2301-801,Sony,IMX758,DEP,structure_ready_high,72.0,geometry_plus_process_evidence,0.7,extracted,4.5,extracted,full_depth_front_dti,3.4,extracted,0.141,3.96,0.72,0.1,vertical_transfer_gate,0.44,0.2475,1.4,estimated_archetype_only,,/Users/seongcheoljeong/FDTD/image_sensor_db/generated_tcad_profiles/dep_2301_801_sony_imx758/profile.json,techinsights_proxy_profile,models/dep_2301_801_sony_imx758.json
DEP-2206-801,Sony,IMX662,DEP,structure_ready_high,72.0,geometry_plus_process_evidence,2.9,extracted,6.6,extracted,full_depth_front_dti,0.23,extracted,0.141,5.808,0.8,0.1,dual_vertical_transfer_gate,0.44,0.28,2.6,estimated_archetype_only,,/Users/seongcheoljeong/FDTD/image_sensor_db/generated_tcad_profiles/dep_2206_801_sony_imx662/profile.json,techinsights_proxy_profile,models/dep_2206_801_sony_imx662.json
DEF-2201-802,OmniVision,OV50A,DEF,structure_ready_high,72.0,geometry_plus_process_evidence,1.0,extracted,3.0,extracted,partial_depth_back_dti,1.7,extracted,0.19,2.64,0.48,0.1,vertical_transfer_gate,0.44,0.165,1.7,estimated_archetype_only,,/Users/seongcheoljeong/FDTD/image_sensor_db/generated_tcad_profiles/def_2201_802_omnivision_ov50a/profile.json,techinsights_proxy_profile,models/def_2201_802_omnivision_ov50a.json
DEF-2201-801,OmniVision,OV60A,DEF,structure_ready_high,72.0,geometry_plus_process_evidence,0.61,extracted,2.9,extracted,partial_depth_back_dti,2.0,extracted,0.19,2.552,0.464,0.1,vertical_transfer_gate,0.44,0.1595,1.6,estimated_archetype_only,,/Users/seongcheoljeong/FDTD/image_sensor_db/generated_tcad_profiles/def_2201_801_omnivision_ov60a/profile.json,techinsights_proxy_profile,models/def_2201_801_omnivision_ov60a.json
DEF-2012-801,OmniVision,OV64B,DEF,structure_ready_high,72.0,geometry_plus_process_evidence,0.7,extracted,3.0,extracted,partial_depth_back_dti,1.9,extracted,0.19,2.64,0.48,0.1,vertical_transfer_gate,0.44,0.165,1.3,estimated_archetype_only,,/Users/seongcheoljeong/FDTD/image_sensor_db/generated_tcad_profiles/def_2012_801_omnivision_ov64b/profile.json,techinsights_proxy_profile,models/def_2012_801_omnivision_ov64b.json
DEP-2407-801,SmartSens,SC100AT-CS1AF00,DEP,sims_seed_ready,71.9,measured_doping_table,3.0,extracted,2.3,extracted,back_dti,1.8,inferred_empirical,0.21,2.024,0.368,0.1,unknown,0.0,0.1265,2.65,measured_sims_seed_available,/Users/seongcheoljeong/FDTD/measured_profiles/techinsights_sims_seed/dep_2407_801_smartsens_sc100at_cs1af00/profile.json,/Users/seongcheoljeong/FDTD/measured_profiles/techinsights_sims_seed/dep_2407_801_smartsens_sc100at_cs1af00/profile.json,sims_seed_profile,models/dep_2407_801_smartsens_sc100at_cs1af00.json
DEF-2605-801,OmniVision,OV52A,DEF,structure_ready_high,69.9,geometry_plus_process_evidence,0.61,extracted,3.0,extracted,partial_depth_back_dti,2.0,inferred_empirical,0.19,2.64,0.48,0.1,vertical_transfer_gate,0.44,0.165,1.6,estimated_archetype_only,,/Users/seongcheoljeong/FDTD/image_sensor_db/generated_tcad_profiles/def_2605_801_omnivision_ov52a/profile.json,techinsights_proxy_profile,models/def_2605_801_omnivision_ov52a.json
DEF-2604-801,Sony,LYT-901,DEF,structure_ready_high,69.9,geometry_plus_process_evidence,0.7,extracted,4.5,extracted,partial_depth_back_dti,2.3,inferred_empirical,0.141,3.96,0.72,0.1,vertical_transfer_gate,0.44,0.2475,1.7,estimated_archetype_only,,/Users/seongcheoljeong/FDTD/image_sensor_db/generated_tcad_profiles/def_2604_801_sony_lyt_901/profile.json,techinsights_proxy_profile,models/def_2604_801_sony_lyt_901.json
DEF-2502-802,Sony,IMX487-AAMJ-C,DEF,structure_ready_high,69.9,geometry_plus_process_evidence,2.74,extracted,3.0,extracted,back_dti,2.3,inferred_empirical,0.141,2.64,0.48,0.1,vertical_transfer_gate,0.44,0.165,3.8,estimated_archetype_only,,/Users/seongcheoljeong/FDTD/image_sensor_db/generated_tcad_profiles/def_2502_802_sony_imx487_aamj_c/profile.json,techinsights_proxy_profile,models/def_2502_802_sony_imx487_aamj_c.json
DEF-2305-805,Sony,IMX675,DEF,structure_ready_high,69.0,geometry_only,2.0,extracted,6.0,extracted,full_depth_front_dti,2.1,extracted,0.141,5.28,0.8,0.1,vertical_transfer_gate,0.44,0.28,2.3,estimated_archetype_only,,/Users/seongcheoljeong/FDTD/image_sensor_db/generated_tcad_profiles/def_2305_805_sony_imx675/profile.json,techinsights_proxy_profile,models/def_2305_805_sony_imx675.json
DEF-2003-801,OmniVision,OV48B,DEF,structure_ready_high,69.0,geometry_only,0.8,extracted,3.0,extracted,partial_depth_back_dti,1.9,extracted,0.19,2.64,0.48,0.1,vertical_transfer_gate,0.44,0.165,1.4,estimated_archetype_only,,/Users/seongcheoljeong/FDTD/image_sensor_db/generated_tcad_profiles/def_2003_801_omnivision_ov48b/profile.json,techinsights_proxy_profile,models/def_2003_801_omnivision_ov48b.json
DEF-2604-802,Samsung,3LD (S5K3LD),DEF,structure_ready_high,68.9,geometry_plus_process_evidence,1.0,extracted,3.2,extracted,full_depth_front_dti,3.136,inferred_empirical,0.096,2.816,0.512,0.1,dual_vertical_transfer_gate,0.44,0.176,1.5,estimated_archetype_only,,/Users/seongcheoljeong/FDTD/image_sensor_db/generated_tcad_profiles/def_2604_802_samsung_3ld_s5k3ld/profile.json,techinsights_proxy_profile,models/def_2604_802_samsung_3ld_s5k3ld.json
DEF-2511-802,Samsung,HP5,DEF,structure_ready_high,68.9,geometry_plus_process_evidence,0.5,extracted,4.0,extracted,full_depth_front_dti,3.92,inferred_empirical,0.096,3.52,0.64,0.1,dual_vertical_transfer_gate,0.44,0.22,1.5,estimated_archetype_only,,/Users/seongcheoljeong/FDTD/image_sensor_db/generated_tcad_profiles/def_2511_802_samsung_hp5/profile.json,techinsights_proxy_profile,models/def_2511_802_samsung_hp5.json
DEF-2506-803,Sony,ISX031_CIS,DEF,structure_ready_high,68.9,geometry_plus_process_evidence,3.0,extracted,3.2,extracted,full_depth_front_dti,3.136,inferred_empirical,0.141,2.816,0.512,0.1,vertical_transfer_gate,0.44,0.176,2.6,estimated_archetype_only,,/Users/seongcheoljeong/FDTD/image_sensor_db/generated_tcad_profiles/def_2506_803_sony_isx031_cis/profile.json,techinsights_proxy_profile,models/def_2506_803_sony_isx031_cis.json
DEF-2409-803,Samsung,S5KGNJSP03_CIS,DEF,structure_ready_high,68.9,geometry_plus_process_evidence,1.0,extracted,4.2,extracted,full_depth_front_dti,4.116,inferred_empirical,0.096,3.696,0.672,0.1,dual_vertical_transfer_gate,0.44,0.231,1.5,estimated_archetype_only,,/Users/seongcheoljeong/FDTD/image_sensor_db/generated_tcad_profiles/def_2409_803_samsung_s5kgnjsp03_cis/profile.json,techinsights_proxy_profile,models/def_2409_803_samsung_s5kgnjsp03_cis.json
DEF-2409-801,Samsung,JN5,DEF,structure_ready_high,68.9,geometry_plus_process_evidence,0.64,extracted,3.9,extracted,full_depth_front_dti,3.822,inferred_empirical,0.096,3.432,0.624,0.1,dual_vertical_transfer_gate,0.44,0.2145,1.6,estimated_archetype_only,,/Users/seongcheoljeong/FDTD/image_sensor_db/generated_tcad_profiles/def_2409_801_samsung_jn5/profile.json,techinsights_proxy_profile,models/def_2409_801_samsung_jn5.json
DEF-2405-801,Samsung,S5K1H1SB_CIS,DEF,structure_ready_high,68.9,geometry_plus_process_evidence,2.1,extracted,2.9,extracted,full_depth_front_dti,2.842,inferred_empirical,0.096,2.552,0.464,0.1,vertical_transfer_gate,0.44,0.1595,1.8,estimated_archetype_only,,/Users/seongcheoljeong/FDTD/image_sensor_db/generated_tcad_profiles/def_2405_801_samsung_s5k1h1sb_cis/profile.json,techinsights_proxy_profile,models/def_2405_801_samsung_s5k1h1sb_cis.json
DEF-2304-807,Samsung,S5KHP3SP_CIS,DEF,structure_ready_high,68.9,geometry_plus_process_evidence,0.56,extracted,4.1,extracted,full_depth_front_dti,4.018,inferred_empirical,0.096,3.608,0.656,0.1,vertical_transfer_gate,0.44,0.2255,1.5,estimated_archetype_only,,/Users/seongcheoljeong/FDTD/image_sensor_db/generated_tcad_profiles/def_2304_807_samsung_s5khp3sp_cis/profile.json,techinsights_proxy_profile,models/def_2304_807_samsung_s5khp3sp_cis.json
DEF-2212-804,Sony,IMX758,DEF,structure_ready_high,68.9,geometry_plus_process_evidence,0.7,extracted,4.5,extracted,full_depth_front_dti,4.41,inferred_empirical,0.141,3.96,0.72,0.1,vertical_transfer_gate,0.44,0.2475,1.4,estimated_archetype_only,,/Users/seongcheoljeong/FDTD/image_sensor_db/generated_tcad_profiles/def_2212_804_sony_imx758/profile.json,techinsights_proxy_profile,models/def_2212_804_sony_imx758.json
DEF-2209-801,Samsung,HP1,DEF,structure_ready_high,68.9,geometry_plus_process_evidence,0.64,extracted,3.7,extracted,full_depth_front_dti,3.626,inferred_empirical,0.096,3.256,0.592,0.1,vertical_transfer_gate,0.44,0.2035,1.1,estimated_archetype_only,,/Users/seongcheoljeong/FDTD/image_sensor_db/generated_tcad_profiles/def_2209_801_samsung_hp1/profile.json,techinsights_proxy_profile,models/def_2209_801_samsung_hp1.json
DEF-2208-803,Sony,IMX678AAQR1-C,DEF,structure_ready_high,68.9,geometry_plus_process_evidence,2.0,extracted,6.1,extracted,full_depth_front_dti,5.978,inferred_empirical,0.141,5.368,0.8,0.1,vertical_transfer_gate,0.44,0.28,2.4,estimated_archetype_only,,/Users/seongcheoljeong/FDTD/image_sensor_db/generated_tcad_profiles/def_2208_803_sony_imx678aaqr1_c/profile.json,techinsights_proxy_profile,models/def_2208_803_sony_imx678aaqr1_c.json
DEF-2206-801,Samsung,S5KJNVSQ_ISP,DEF,structure_ready_high,68.9,geometry_plus_process_evidence,0.64,extracted,3.8,extracted,full_depth_front_dti,3.724,inferred_empirical,0.096,3.344,0.608,0.1,vertical_transfer_gate,0.44,0.209,1.1,estimated_archetype_only,,/Users/seongcheoljeong/FDTD/image_sensor_db/generated_tcad_profiles/def_2206_801_samsung_s5kjnvsq_isp/profile.json,techinsights_proxy_profile,models/def_2206_801_samsung_s5kjnvsq_isp.json
DEF-1905-801,Samsung,S5K3P9,DEF,structure_ready_high,68.9,geometry_plus_process_evidence,1.0,extracted,3.9,extracted,full_depth_front_dti,3.822,inferred_empirical,0.096,3.432,0.624,0.1,vertical_transfer_gate,0.44,0.2145,1.6,estimated_archetype_only,,/Users/seongcheoljeong/FDTD/image_sensor_db/generated_tcad_profiles/def_1905_801_samsung_s5k3p9/profile.json,techinsights_proxy_profile,models/def_1905_801_samsung_s5k3p9.json
DEF-2306-802,Unknown,AT-OX03D4C-5183YUV-VBO_Cam,DEF,structure_ready_high,68.6,geometry_only,2.1,extracted,2.9,extracted,partial_depth_back_dti,2.1,extracted,0.19,2.552,0.464,0.1,vertical_transfer_gate,0.44,0.1595,1.4,estimated_archetype_only,,/Users/seongcheoljeong/FDTD/image_sensor_db/generated_tcad_profiles/def_2306_802_unknown_at_ox03d4c_5183yuv_vbo_cam/profile.json,techinsights_proxy_profile,models/def_2306_802_unknown_at_ox03d4c_5183yuv_vbo_cam.json
DEP-2305-802,Sony,XQ-DQ72_Dual-Rear-Cam2_CIS,DEP,structure_ready_high,68.5,geometry_plus_process_evidence,1.12,extracted,4.4,extracted,full_depth_front_dti,3.9,extracted,0.097,3.872,0.704,0.1,unknown,0.0,0.242,1.8,estimated_archetype_only,,/Users/seongcheoljeong/FDTD/image_sensor_db/generated_tcad_profiles/dep_2305_802_sony_xq_dq72_dual_rear_cam2_cis/profile.json,techinsights_proxy_profile,models/dep_2305_802_sony_xq_dq72_dual_rear_cam2_cis.json
DEF-2309-801,STMicroelectronics,5940AA_CIS,DEF,structure_ready_high,68.5,geometry_plus_process_evidence,2.25,extracted,5.6,extracted,full_depth_front_dti,5.6,extracted,0.24,4.928,0.8,0.1,unknown,0.0,0.28,3.5,estimated_archetype_only,,/Users/seongcheoljeong/FDTD/image_sensor_db/generated_tcad_profiles/def_2309_801_stmicroelectronics_5940aa_cis/profile.json,techinsights_proxy_profile,models/def_2309_801_stmicroelectronics_5940aa_cis.json
DEF-2204-803,STMicroelectronics,55G0AB,DEF,structure_ready_high,68.5,geometry_plus_process_evidence,2.6,extracted,5.9,extracted,full_depth_front_dti,5.9,extracted,0.21,5.192,0.8,0.1,unknown,0.0,0.28,4.1,estimated_archetype_only,,/Users/seongcheoljeong/FDTD/image_sensor_db/generated_tcad_profiles/def_2204_803_stmicroelectronics_55g0ab/profile.json,techinsights_proxy_profile,models/def_2204_803_stmicroelectronics_55g0ab.json
DEP-2305-801,Samsung,S5KHP3SP_CIS,DEP,structure_ready_high,68.0,geometry_plus_process_evidence,0.56,extracted,4.1,extracted,full_depth_front_dti,4.018,inferred_empirical,0.096,3.608,0.656,0.1,vertical_transfer_gate,0.44,0.2255,1.5,estimated_archetype_only,,/Users/seongcheoljeong/FDTD/image_sensor_db/generated_tcad_profiles/dep_2305_801_samsung_s5khp3sp_cis/profile.json,techinsights_proxy_profile,models/dep_2305_801_samsung_s5khp3sp_cis.json
DEP-2002-801,Samsung,S5KGH1,DEP,structure_ready_high,68.0,process_snippet_only,0.7,extracted,3.7,extracted,full_depth_front_dti,3.626,inferred_empirical,0.096,3.256,0.592,0.1,vertical_transfer_gate,0.44,0.2035,1.5,estimated_archetype_only,,/Users/seongcheoljeong/FDTD/image_sensor_db/generated_tcad_profiles/dep_2002_801_samsung_s5kgh1/profile.json,techinsights_proxy_profile,models/dep_2002_801_samsung_s5kgh1.json
DEP-1901-802,Samsung,S5KGM1,DEP,structure_ready_high,68.0,geometry_plus_process_evidence,0.8,extracted,3.7,extracted,full_depth_front_dti,3.626,inferred_empirical,0.096,3.256,0.592,0.1,vertical_transfer_gate,0.44,0.2035,1.5,estimated_archetype_only,,/Users/seongcheoljeong/FDTD/image_sensor_db/generated_tcad_profiles/dep_1901_802_samsung_s5kgm1/profile.json,techinsights_proxy_profile,models/dep_1901_802_samsung_s5kgm1.json
DEP-2310-801,Unknown,AT-OX03D4C-5183YUV-VBO_Cam,DEP,structure_ready_high,67.9,geometry_plus_process_evidence,2.1,extracted,2.9,extracted,partial_depth_back_dti,2.0,inferred_empirical,0.19,2.552,0.464,0.1,vertical_transfer_gate,0.44,0.1595,2.7,estimated_archetype_only,,/Users/seongcheoljeong/FDTD/image_sensor_db/generated_tcad_profiles/dep_2310_801_unknown_at_ox03d4c_5183yuv_vbo_cam/profile.json,techinsights_proxy_profile,models/dep_2310_801_unknown_at_ox03d4c_5183yuv_vbo_cam.json
DEP-2304-802,Sony,LI-IMX728-9295_Front-Cam_ISP,DEP,structure_ready_high,67.6,geometry_plus_process_evidence,2.1,extracted,4.1,extracted,partial_depth_back_dti,3.1,extracted,0.225,3.608,0.656,0.1,unknown,0.0,0.2255,2.25,estimated_archetype_only,,/Users/seongcheoljeong/FDTD/image_sensor_db/generated_tcad_profiles/dep_2304_802_sony_li_imx728_9295_front_cam_isp/profile.json,techinsights_proxy_profile,models/dep_2304_802_sony_li_imx728_9295_front_cam_isp.json
DEP-2207-801,STMicroelectronics,55G0AB,DEP,structure_ready_high,67.6,geometry_plus_process_evidence,2.6,extracted,4.1,extracted,full_depth_front_dti,5.9,extracted,0.19,3.608,0.656,0.1,unknown,0.0,0.2255,3.6,estimated_archetype_only,,/Users/seongcheoljeong/FDTD/image_sensor_db/generated_tcad_profiles/dep_2207_801_stmicroelectronics_55g0ab/profile.json,techinsights_proxy_profile,models/dep_2207_801_stmicroelectronics_55g0ab.json
DEP-1810-801,OmniVision,OS05A20,DEP,structure_ready_high,67.6,geometry_plus_process_evidence,2.0,extracted,3.6,extracted,full_depth_front_dti,2.2,extracted,0.19,3.168,0.576,0.1,unknown,0.0,0.198,2.5,estimated_archetype_only,,/Users/seongcheoljeong/FDTD/image_sensor_db/generated_tcad_profiles/dep_1810_801_omnivision_os05a20/profile.json,techinsights_proxy_profile,models/dep_1810_801_omnivision_os05a20.json
DEF-2204-804,Samsung,S5KHM6,DEF,structure_ready_high,67.6,geometry_only,0.64,extracted,3.6,extracted,full_depth_front_dti,3.528,inferred_empirical,0.11,3.168,0.576,0.1,vertical_transfer_gate,0.44,0.198,1.3,estimated_archetype_only,,/Users/seongcheoljeong/FDTD/image_sensor_db/generated_tcad_profiles/def_2204_804_samsung_s5khm6/profile.json,techinsights_proxy_profile,models/def_2204_804_samsung_s5khm6.json
DEF-2002-801,Samsung,S5KGH1,DEF,structure_ready_high,67.6,geometry_only,0.7,extracted,3.7,extracted,full_depth_front_dti,3.626,inferred_empirical,0.092,3.256,0.592,0.1,vertical_transfer_gate,0.44,0.2035,1.2,estimated_archetype_only,,/Users/seongcheoljeong/FDTD/image_sensor_db/generated_tcad_profiles/def_2002_801_samsung_s5kgh1/profile.json,techinsights_proxy_profile,models/def_2002_801_samsung_s5kgh1.json
DEP-2202-801,Sony,IMX636AAMR-ES,DEP,structure_ready_high,66.8,geometry_plus_process_evidence,4.86,extracted,6.8,extracted,full_depth_front_dti,0.57,extracted,0.141,5.984,0.8,0.1,unknown,0.0,0.28,4.2,estimated_archetype_only,,/Users/seongcheoljeong/FDTD/image_sensor_db/generated_tcad_profiles/dep_2202_801_sony_imx636aamr_es/profile.json,techinsights_proxy_profile,models/dep_2202_801_sony_imx636aamr_es.json
DEF-2603-803,OmniVision,L3A_Triple-Gimbal-Cam1_CIS,DEF,structure_ready_high,66.8,geometry_plus_process_evidence,1.45,extracted,3.0,extracted,partial_depth_back_dti,1.9,extracted,0.19,2.64,0.48,0.1,unknown,0.0,0.165,1.9,estimated_archetype_only,,/Users/seongcheoljeong/FDTD/image_sensor_db/generated_tcad_profiles/def_2603_803_omnivision_l3a_triple_gimbal_cam1_cis/profile.json,techinsights_proxy_profile,models/def_2603_803_omnivision_l3a_triple_gimbal_cam1_cis.json
DEF-2603-802,OmniVision,OV50X,DEF,structure_ready_high,66.8,geometry_plus_process_evidence,1.6,extracted,3.0,extracted,partial_depth_back_dti,2.0,extracted,0.19,2.64,0.48,0.1,unknown,0.0,0.165,2.8,estimated_archetype_only,,/Users/seongcheoljeong/FDTD/image_sensor_db/generated_tcad_profiles/def_2603_802_omnivision_ov50x/profile.json,techinsights_proxy_profile,models/def_2603_802_omnivision_ov50x.json
DEF-2511-803,STMicroelectronics,56G812A1A_CIS,DEF,structure_ready_high,66.8,geometry_plus_process_evidence,2.9,extracted,9.7,extracted,full_depth_front_dti,9.4,extracted,0.22,8.536,0.8,0.1,unknown,0.0,0.28,2.8,estimated_archetype_only,,/Users/seongcheoljeong/FDTD/image_sensor_db/generated_tcad_profiles/def_2511_803_stmicroelectronics_56g812a1a_cis/profile.json,techinsights_proxy_profile,models/def_2511_803_stmicroelectronics_56g812a1a_cis.json
DEF-2509-802,Sony,IMX914,DEF,structure_ready_high,66.8,geometry_plus_process_evidence,1.0,extracted,3.6,extracted,full_depth_front_dti,2.4,extracted,0.141,3.168,0.576,0.1,unknown,0.0,0.198,1.8,estimated_archetype_only,,/Users/seongcheoljeong/FDTD/image_sensor_db/generated_tcad_profiles/def_2509_802_sony_imx914/profile.json,techinsights_proxy_profile,models/def_2509_802_sony_imx914.json
DEF-2405-802,OmniVision,OV50K,DEF,structure_ready_high,66.8,geometry_plus_process_evidence,1.2,extracted,2.9,extracted,partial_depth_back_dti,2.0,extracted,0.19,2.552,0.464,0.1,unknown,0.0,0.1595,2.4,estimated_archetype_only,,/Users/seongcheoljeong/FDTD/image_sensor_db/generated_tcad_profiles/def_2405_802_omnivision_ov50k/profile.json,techinsights_proxy_profile,models/def_2405_802_omnivision_ov50k.json
DEF-2403-801,OmniVision,OV50H,DEF,structure_ready_high,66.8,geometry_plus_process_evidence,1.2,extracted,3.0,extracted,partial_depth_back_dti,2.1,extracted,0.19,2.64,0.48,0.1,unknown,0.0,0.165,2.0,estimated_archetype_only,,/Users/seongcheoljeong/FDTD/image_sensor_db/generated_tcad_profiles/def_2403_801_omnivision_ov50h/profile.json,techinsights_proxy_profile,models/def_2403_801_omnivision_ov50h.json
DEF-2201-803,Sony,IMX709,DEF,structure_ready_high,66.8,geometry_plus_process_evidence,0.8,extracted,3.5,extracted,partial_depth_back_dti,2.3,extracted,0.141,3.08,0.56,0.1,unknown,0.0,0.1925,1.5,estimated_archetype_only,,/Users/seongcheoljeong/FDTD/image_sensor_db/generated_tcad_profiles/def_2201_803_sony_imx709/profile.json,techinsights_proxy_profile,models/def_2201_803_sony_imx709.json
DEF-2103-804,Samsung,S5KGN2,DEF,structure_ready_high,66.8,geometry_plus_process_evidence,1.4,extracted,2.8,extracted,full_depth_front_dti,2.3,extracted,0.096,2.464,0.448,0.1,unknown,0.0,0.154,1.8,estimated_archetype_only,,/Users/seongcheoljeong/FDTD/image_sensor_db/generated_tcad_profiles/def_2103_804_samsung_s5kgn2/profile.json,techinsights_proxy_profile,models/def_2103_804_samsung_s5kgn2.json
DEF-2011-804,Sony,IMX462,DEF,structure_ready_high,66.8,geometry_plus_process_evidence,2.9,extracted,6.2,extracted,full_depth_front_dti,2.0,extracted,0.141,5.456,0.8,0.1,unknown,0.0,0.28,2.5,estimated_archetype_only,,/Users/seongcheoljeong/FDTD/image_sensor_db/generated_tcad_profiles/def_2011_804_sony_imx462/profile.json,techinsights_proxy_profile,models/def_2011_804_sony_imx462.json
DEF-1908-801,Sony,IMX374,DEF,structure_ready_high,66.8,geometry_plus_process_evidence,1.22,extracted,2.9,extracted,back_dti,2.3,extracted,0.141,2.552,0.464,0.1,unknown,0.0,0.1595,1.8,estimated_archetype_only,,/Users/seongcheoljeong/FDTD/image_sensor_db/generated_tcad_profiles/def_1908_801_sony_imx374/profile.json,techinsights_proxy_profile,models/def_1908_801_sony_imx374.json
DEF-1906-802,Samsung,S5K3J1SX03_CIS,DEF,structure_ready_high,66.8,geometry_plus_process_evidence,1.22,extracted,2.6,extracted,partial_depth_back_dti,2.1,extracted,0.096,2.288,0.416,0.1,unknown,0.0,0.143,1.7,estimated_archetype_only,,/Users/seongcheoljeong/FDTD/image_sensor_db/generated_tcad_profiles/def_1906_802_samsung_s5k3j1sx03_cis/profile.json,techinsights_proxy_profile,models/def_1906_802_samsung_s5k3j1sx03_cis.json
DEF-1810-801,OmniVision,OS05A20,DEF,structure_ready_high,66.8,geometry_plus_process_evidence,2.0,extracted,3.6,extracted,back_dti,2.6,extracted,0.19,3.168,0.576,0.1,unknown,0.0,0.198,2.5,estimated_archetype_only,,/Users/seongcheoljeong/FDTD/image_sensor_db/generated_tcad_profiles/def_1810_801_omnivision_os05a20/profile.json,techinsights_proxy_profile,models/def_1810_801_omnivision_os05a20.json
DEP-2209-801,Apple,iPhone 14 Pro,DEP,structure_ready_high,66.3,geometry_plus_process_evidence,1.22,extracted,3.6,extracted,full_depth_front_dti,2.8,extracted,0.1705,3.168,0.576,0.1,unknown,0.0,0.198,1.6,estimated_archetype_only,,/Users/seongcheoljeong/FDTD/image_sensor_db/generated_tcad_profiles/dep_2209_801_apple_iphone_14_pro/profile.json,techinsights_proxy_profile,models/dep_2209_801_apple_iphone_14_pro.json
DEF-2602-801,SmartSens,SC485SL-CS3NNH0,DEF,structure_ready_high,66.3,geometry_plus_process_evidence,2.9,extracted,3.2,extracted,partial_depth_back_dti,2.4,extracted,0.19,2.816,0.512,0.1,unknown,0.0,0.176,2.5,estimated_archetype_only,,/Users/seongcheoljeong/FDTD/image_sensor_db/generated_tcad_profiles/def_2602_801_smartsens_sc485sl_cs3nnh0/profile.json,techinsights_proxy_profile,models/def_2602_801_smartsens_sc485sl_cs3nnh0.json
DEF-2408-802,SmartSens,SC535HGS,DEF,structure_ready_high,66.3,geometry_plus_process_evidence,3.4,extracted,4.0,extracted,partial_depth_back_dti,2.0,extracted,0.19,3.52,0.64,0.1,unknown,0.0,0.22,2.4,estimated_archetype_only,,/Users/seongcheoljeong/FDTD/image_sensor_db/generated_tcad_profiles/def_2408_802_smartsens_sc535hgs/profile.json,techinsights_proxy_profile,models/def_2408_802_smartsens_sc535hgs.json
DEF-2401-802,ON Semi,AR0341AT,DEF,structure_ready_high,66.3,geometry_plus_process_evidence,2.1,extracted,3.0,extracted,partial_depth_back_dti,0.6,extracted,0.19,2.64,0.48,0.1,unknown,0.0,0.165,1.8,estimated_archetype_only,,/Users/seongcheoljeong/FDTD/image_sensor_db/generated_tcad_profiles/def_2401_802_on_semi_ar0341at/profile.json,techinsights_proxy_profile,models/def_2401_802_on_semi_ar0341at.json
DEF-2310-802,ON Semi,AR0823_ISP,DEF,structure_ready_high,66.3,geometry_plus_process_evidence,2.1,extracted,3.1,extracted,partial_depth_back_dti,1.4,extracted,0.19,2.728,0.496,0.1,unknown,0.0,0.1705,1.9,estimated_archetype_only,,/Users/seongcheoljeong/FDTD/image_sensor_db/generated_tcad_profiles/def_2310_802_on_semi_ar0823_isp/profile.json,techinsights_proxy_profile,models/def_2310_802_on_semi_ar0823_isp.json
DEF-2212-802,Leopard Imaging Inc,LI-IMX728-9295,DEF,structure_ready_high,66.3,geometry_plus_process_evidence,2.1,extracted,4.1,extracted,full_depth_front_dti,2.7,extracted,0.1705,3.608,0.656,0.1,unknown,0.0,0.2255,1.9,estimated_archetype_only,,/Users/seongcheoljeong/FDTD/image_sensor_db/generated_tcad_profiles/def_2212_802_leopard_imaging_inc_li_imx728_9295/profile.json,techinsights_proxy_profile,models/def_2212_802_leopard_imaging_inc_li_imx728_9295.json
DEF-2203-801,SmartSens,SC410GS-CC3AF00,DEF,structure_ready_high,66.3,geometry_plus_process_evidence,4.2,extracted,2.4,extracted,partial_depth_back_dti,1.6,extracted,0.19,2.112,0.384,0.1,unknown,0.0,0.132,3.9,estimated_archetype_only,,/Users/seongcheoljeong/FDTD/image_sensor_db/generated_tcad_profiles/def_2203_801_smartsens_sc410gs_cc3af00/profile.json,techinsights_proxy_profile,models/def_2203_801_smartsens_sc410gs_cc3af00.json
DEF-2102-801,Leopard Imaging Inc,OX08A4Y-GMSL,DEF,structure_ready_high,66.3,geometry_plus_process_evidence,2.1,extracted,2.9,extracted,partial_depth_back_dti,2.1,extracted,0.19,2.552,0.464,0.1,unknown,0.0,0.1595,1.7,estimated_archetype_only,,/Users/seongcheoljeong/FDTD/image_sensor_db/generated_tcad_profiles/def_2102_801_leopard_imaging_inc_ox08a4y_gmsl/profile.json,techinsights_proxy_profile,models/def_2102_801_leopard_imaging_inc_ox08a4y_gmsl.json
DEF-2505-803,SmartSens,SC550XS,DEF,structure_ready_high,66.0,geometry_plus_process_evidence,1.0,extracted,2.9,extracted,back_dti,2.0,extracted,0.097,2.552,0.464,0.1,unknown,0.0,0.1595,2.1,estimated_archetype_only,,/Users/seongcheoljeong/FDTD/image_sensor_db/generated_tcad_profiles/def_2505_803_smartsens_sc550xs/profile.json,techinsights_proxy_profile,models/def_2505_803_smartsens_sc550xs.json
DEP-2103-804,Samsung,S5KGN2,DEP,structure_ready_high,65.9,geometry_plus_process_evidence,1.4,extracted,2.8,extracted,full_depth_front_dti,2.3,extracted,0.096,2.464,0.448,0.1,unknown,0.0,0.154,1.5,estimated_archetype_only,,/Users/seongcheoljeong/FDTD/image_sensor_db/generated_tcad_profiles/dep_2103_804_samsung_s5kgn2/profile.json,techinsights_proxy_profile,models/dep_2103_804_samsung_s5kgn2.json
DEF-2312-801,Samsung,S5KGM5SX_CIS,DEF,structure_ready_high,65.9,geometry_only,0.7,extracted,3.8,extracted,full_depth_front_dti,3.724,inferred_empirical,0.096,3.344,0.608,0.1,vertical_transfer_gate,0.44,0.209,1.3,estimated_archetype_only,,/Users/seongcheoljeong/FDTD/image_sensor_db/generated_tcad_profiles/def_2312_801_samsung_s5kgm5sx_cis/profile.json,techinsights_proxy_profile,models/def_2312_801_samsung_s5kgm5sx_cis.json
DEF-2308-804,Sony,IMX623,DEF,structure_ready_high,65.9,geometry_only,3.0,extracted,3.0,extracted,full_depth_front_dti,2.94,inferred_empirical,0.141,2.64,0.48,0.1,vertical_transfer_gate,0.44,0.165,2.5,estimated_archetype_only,,/Users/seongcheoljeong/FDTD/image_sensor_db/generated_tcad_profiles/def_2308_804_sony_imx623/profile.json,techinsights_proxy_profile,models/def_2308_804_sony_imx623.json
DEF-2206-805,Sony,IMX662,DEF,structure_ready_high,65.9,geometry_only,2.9,extracted,6.6,extracted,full_depth_front_dti,6.468,inferred_empirical,0.141,5.808,0.8,0.1,dual_vertical_transfer_gate,0.44,0.28,2.6,estimated_archetype_only,,/Users/seongcheoljeong/FDTD/image_sensor_db/generated_tcad_profiles/def_2206_805_sony_imx662/profile.json,techinsights_proxy_profile,models/def_2206_805_sony_imx662.json
DEF-1911-803,Samsung,S5KHMX,DEF,structure_ready_high,65.9,geometry_only,0.8,extracted,4.0,extracted,full_depth_front_dti,3.92,inferred_empirical,0.096,3.52,0.64,0.1,vertical_transfer_gate,0.44,0.22,1.5,estimated_archetype_only,,/Users/seongcheoljeong/FDTD/image_sensor_db/generated_tcad_profiles/def_1911_803_samsung_s5khmx/profile.json,techinsights_proxy_profile,models/def_1911_803_samsung_s5khmx.json
DEF-1901-804,Samsung,S5KGM1,DEF,structure_ready_high,65.9,geometry_only,0.8,extracted,3.7,extracted,full_depth_front_dti,3.626,inferred_empirical,0.096,3.256,0.592,0.1,vertical_transfer_gate,0.44,0.2035,1.2,estimated_archetype_only,,/Users/seongcheoljeong/FDTD/image_sensor_db/generated_tcad_profiles/def_1901_804_samsung_s5kgm1/profile.json,techinsights_proxy_profile,models/def_1901_804_samsung_s5kgm1.json
DEP-2401-801,Galaxycore Inc,KJ5n_Front-Cam_CIS,DEP,structure_ready_high,65.4,geometry_plus_process_evidence,0.7,extracted,2.7,extracted,partial_depth_back_dti,1.8,extracted,0.19,2.376,0.432,0.1,unknown,0.0,0.1485,1.7,estimated_archetype_only,,/Users/seongcheoljeong/FDTD/image_sensor_db/generated_tcad_profiles/dep_2401_801_galaxycore_inc_kj5n_front_cam_cis/profile.json,techinsights_proxy_profile,models/dep_2401_801_galaxycore_inc_kj5n_front_cam_cis.json
DEF-2509-801,OmniVision,OG05C10_CIS,DEF,structure_ready_high,65.4,region_depths_and_process_evidence,3.45,extracted,5.9,extracted,full_depth_front_dti,5.782,inferred_empirical,0.24,5.192,0.8,0.1,unknown,0.0,0.28,3.6,estimated_archetype_only,,/Users/seongcheoljeong/FDTD/image_sensor_db/generated_tcad_profiles/def_2509_801_omnivision_og05c10_cis/profile.json,techinsights_proxy_profile,models/def_2509_801_omnivision_og05c10_cis.json
DEP-2401-802,Prophesee,PEK3X320CDMP_Cam_CIS,DEP,structure_ready_high,64.9,geometry_plus_process_evidence,6.3,extracted,5.8,extracted,full_depth_front_dti,0.19,extracted,0.1705,5.104,0.8,0.1,unknown,0.0,0.28,3.1,estimated_archetype_only,,/Users/seongcheoljeong/FDTD/image_sensor_db/generated_tcad_profiles/dep_2401_802_prophesee_pek3x320cdmp_cam_cis/profile.json,techinsights_proxy_profile,models/dep_2401_802_prophesee_pek3x320cdmp_cam_cis.json
DEP-2307-801,SK Hynix,Hi-5021Q,DEP,structure_ready_high,64.9,geometry_plus_process_evidence,0.7,extracted,3.6,extracted,partial_depth_back_dti,3.0,extracted,0.19,3.168,0.576,0.1,unknown,0.0,0.198,1.9,estimated_archetype_only,,/Users/seongcheoljeong/FDTD/image_sensor_db/generated_tcad_profiles/dep_2307_801_sk_hynix_hi_5021q/profile.json,techinsights_proxy_profile,models/dep_2307_801_sk_hynix_hi_5021q.json
DEP-2103-801,Leopard Imaging Inc,OX08A4Y-GMSL,DEP,structure_ready_high,64.9,geometry_plus_process_evidence,2.1,extracted,2.9,extracted,partial_depth_back_dti,0.19,extracted,0.19,2.552,0.464,0.1,unknown,0.0,0.1595,1.7,estimated_archetype_only,,/Users/seongcheoljeong/FDTD/image_sensor_db/generated_tcad_profiles/dep_2103_801_leopard_imaging_inc_ox08a4y_gmsl/profile.json,techinsights_proxy_profile,models/dep_2103_801_leopard_imaging_inc_ox08a4y_gmsl.json
DEF-2506-802,Samsung,JNP (S5KJNP),DEF,structure_ready_high,64.7,geometry_plus_process_evidence,0.64,extracted,3.8,extracted,probable_full_depth_front_dti,3.724,inferred_empirical,0.096,3.344,0.608,0.1,dual_vertical_transfer_gate,0.44,0.209,3.0,estimated_archetype_only,,/Users/seongcheoljeong/FDTD/image_sensor_db/generated_tcad_profiles/def_2506_802_samsung_jnp_s5kjnp/profile.json,techinsights_proxy_profile,models/def_2506_802_samsung_jnp_s5kjnp.json
DEP-2201-801,OmniVision,OV60A,DEP,structure_ready_high,64.6,geometry_plus_process_evidence,0.61,extracted,2.9,extracted,partial_depth_back_dti,2.0,inferred_empirical,0.19,2.552,0.464,0.1,unknown,0.0,0.1595,1.6,estimated_archetype_only,,/Users/seongcheoljeong/FDTD/image_sensor_db/generated_tcad_profiles/dep_2201_801_omnivision_ov60a/profile.json,techinsights_proxy_profile,models/dep_2201_801_omnivision_ov60a.json
DEF-2504-802,OmniVision,OX12A10,DEF,structure_ready_high,64.6,geometry_plus_process_evidence,2.1,extracted,3.0,extracted,partial_depth_back_dti,2.0,inferred_empirical,0.19,2.64,0.48,0.1,unknown,0.0,0.165,2.7,estimated_archetype_only,,/Users/seongcheoljeong/FDTD/image_sensor_db/generated_tcad_profiles/def_2504_802_omnivision_ox12a10/profile.json,techinsights_proxy_profile,models/def_2504_802_omnivision_ox12a10.json
DEF-2412-801,Sony,LYT-818,DEF,structure_ready_high,64.6,geometry_plus_process_evidence,1.22,extracted,3.2,extracted,partial_depth_back_dti,2.3,inferred_empirical,0.141,2.816,0.512,0.1,unknown,0.0,0.176,2.2,estimated_archetype_only,,/Users/seongcheoljeong/FDTD/image_sensor_db/generated_tcad_profiles/def_2412_801_sony_lyt_818/profile.json,techinsights_proxy_profile,models/def_2412_801_sony_lyt_818.json
DEF-2305-803,Sony,XQ-DQ72_Dual-Rear-Cam2_CIS,DEF,structure_ready_high,64.6,geometry_plus_process_evidence,1.12,extracted,4.4,extracted,back_dti,2.3,inferred_empirical,0.141,3.872,0.704,0.1,unknown,0.0,0.242,1.6,estimated_archetype_only,,/Users/seongcheoljeong/FDTD/image_sensor_db/generated_tcad_profiles/def_2305_803_sony_xq_dq72_dual_rear_cam2_cis/profile.json,techinsights_proxy_profile,models/def_2305_803_sony_xq_dq72_dual_rear_cam2_cis.json
DEF-2207-801,OmniVision,OV2K0EAA_P_CIS,DEF,structure_ready_high,64.6,geometry_plus_process_evidence,3.0,extracted,2.9,extracted,partial_depth_back_dti,2.0,inferred_empirical,0.19,2.552,0.464,0.1,unknown,0.0,0.1595,2.6,estimated_archetype_only,,/Users/seongcheoljeong/FDTD/image_sensor_db/generated_tcad_profiles/def_2207_801_omnivision_ov2k0eaa_p_cis/profile.json,techinsights_proxy_profile,models/def_2207_801_omnivision_ov2k0eaa_p_cis.json
DEF-2112-801,OmniVision,0X01F10-E48Y,DEF,structure_ready_high,64.6,geometry_plus_process_evidence,3.0,extracted,2.9,extracted,partial_depth_back_dti,2.0,inferred_empirical,0.19,2.552,0.464,0.1,unknown,0.0,0.1595,3.2,estimated_archetype_only,,/Users/seongcheoljeong/FDTD/image_sensor_db/generated_tcad_profiles/def_2112_801_omnivision_0x01f10_e48y/profile.json,techinsights_proxy_profile,models/def_2112_801_omnivision_0x01f10_e48y.json
DEF-1909-801,OmniVision,OV24A1Q,DEF,structure_ready_high,64.6,geometry_plus_process_evidence,0.9,extracted,3.0,extracted,partial_depth_back_dti,2.0,inferred_empirical,0.19,2.64,0.48,0.1,unknown,0.0,0.165,1.7,estimated_archetype_only,,/Users/seongcheoljeong/FDTD/image_sensor_db/generated_tcad_profiles/def_1909_801_omnivision_ov24a1q/profile.json,techinsights_proxy_profile,models/def_1909_801_omnivision_ov24a1q.json
DEP-1901-801,Sony,PCT-AL10_Dual-Rear-Cam1_ISP,DEP,structure_ready_high,64.5,geometry_plus_process_evidence,0.8,extracted,3.6,extracted,full_depth_front_dti,3.528,inferred_empirical,0.075,3.168,0.576,0.1,unknown,0.0,0.198,2.25,estimated_archetype_only,,/Users/seongcheoljeong/FDTD/image_sensor_db/generated_tcad_profiles/dep_1901_801_sony_pct_al10_dual_rear_cam1_isp/profile.json,techinsights_proxy_profile,models/dep_1901_801_sony_pct_al10_dual_rear_cam1_isp.json
DEF-2412-802,SmartSens,PLA-AL10_Dual-Rear-Cam2-4_CIS,DEF,structure_ready_high,64.1,geometry_plus_process_evidence,1.22,extracted,3.1,extracted,partial_depth_back_dti,1.8,inferred_empirical,0.19,2.728,0.496,0.1,unknown,0.0,0.1705,2.4,estimated_archetype_only,,/Users/seongcheoljeong/FDTD/image_sensor_db/generated_tcad_profiles/def_2412_802_smartsens_pla_al10_dual_rear_cam2_4_cis/profile.json,techinsights_proxy_profile,models/def_2412_802_smartsens_pla_al10_dual_rear_cam2_4_cis.json
DEF-2404-802,OmniVision,OX08D10,DEF,structure_ready_high,63.8,geometry_only,2.1,extracted,3.0,extracted,partial_depth_back_dti,2.0,extracted,0.19,2.64,0.48,0.1,unknown,0.0,0.165,2.8,estimated_archetype_only,,/Users/seongcheoljeong/FDTD/image_sensor_db/generated_tcad_profiles/def_2404_802_omnivision_ox08d10/profile.json,techinsights_proxy_profile,models/def_2404_802_omnivision_ox08d10.json
DEF-2305-802,OmniVision,OS12D40-J08A-001A_CIS,DEF,structure_ready_high,63.8,geometry_only,1.4,extracted,2.9,extracted,partial_depth_back_dti,1.7,extracted,0.19,2.552,0.464,0.1,unknown,0.0,0.1595,1.7,estimated_archetype_only,,/Users/seongcheoljeong/FDTD/image_sensor_db/generated_tcad_profiles/def_2305_802_omnivision_os12d40_j08a_001a_cis/profile.json,techinsights_proxy_profile,models/def_2305_802_omnivision_os12d40_j08a_001a_cis.json
DEF-2109-802,OmniVision,OS04C10-A43A,DEF,structure_ready_high,63.8,geometry_only,2.0,extracted,3.5,extracted,partial_depth_back_dti,2.1,extracted,0.19,3.08,0.56,0.1,unknown,0.0,0.1925,2.7,estimated_archetype_only,,/Users/seongcheoljeong/FDTD/image_sensor_db/generated_tcad_profiles/def_2109_802_omnivision_os04c10_a43a/profile.json,techinsights_proxy_profile,models/def_2109_802_omnivision_os04c10_a43a.json
DEF-1909-803,Sony,12MP Wide,DEF,structure_ready_high,63.8,geometry_only,1.4,extracted,3.5,extracted,full_depth_front_dti,2.3,extracted,0.141,3.08,0.56,0.1,unknown,0.0,0.1925,1.8,estimated_archetype_only,,/Users/seongcheoljeong/FDTD/image_sensor_db/generated_tcad_profiles/def_1909_803_sony_12mp_wide/profile.json,techinsights_proxy_profile,models/def_1909_803_sony_12mp_wide.json
DEF-1904-801,Sony,VOG-L29_Triple-Rear-Cam2-ISP,DEF,structure_ready_high,63.8,geometry_only,1.0,extracted,3.1,extracted,full_depth_front_dti,2.0,extracted,0.141,2.728,0.496,0.1,unknown,0.0,0.1705,1.6,estimated_archetype_only,,/Users/seongcheoljeong/FDTD/image_sensor_db/generated_tcad_profiles/def_1904_801_sony_vog_l29_triple_rear_cam2_isp/profile.json,techinsights_proxy_profile,models/def_1904_801_sony_vog_l29_triple_rear_cam2_isp.json
DEF-1809-801,Samsung,S5K2P7,DEF,structure_ready_high,63.8,geometry_only,1.12,extracted,2.7,extracted,full_depth_front_dti,1.9,extracted,0.096,2.376,0.432,0.1,unknown,0.0,0.1485,1.9,estimated_archetype_only,,/Users/seongcheoljeong/FDTD/image_sensor_db/generated_tcad_profiles/def_1809_801_samsung_s5k2p7/profile.json,techinsights_proxy_profile,models/def_1809_801_samsung_s5k2p7.json
DEP-2403-801,OmniVision,OV50H,DEP,structure_ready_high,63.7,process_snippet_only,1.2,extracted,3.0,extracted,partial_depth_back_dti,2.0,inferred_empirical,0.19,2.64,0.48,0.1,unknown,0.0,0.165,2.5,estimated_archetype_only,,/Users/seongcheoljeong/FDTD/image_sensor_db/generated_tcad_profiles/dep_2403_801_omnivision_ov50h/profile.json,techinsights_proxy_profile,models/dep_2403_801_omnivision_ov50h.json
DEP-2103-803,Samsung,S5K231YX,DEP,structure_ready_high,63.7,process_snippet_only,9.0,extracted,2.5,extracted,back_dti,2.5,inferred_empirical,0.096,2.2,0.4,0.1,unknown,0.0,0.1375,1.5,estimated_archetype_only,,/Users/seongcheoljeong/FDTD/image_sensor_db/generated_tcad_profiles/dep_2103_803_samsung_s5k231yx/profile.json,techinsights_proxy_profile,models/dep_2103_803_samsung_s5k231yx.json
DEP-1912-801,OmniVision,OV24A1Q,DEP,structure_ready_high,63.7,process_snippet_only,0.9,extracted,3.0,extracted,partial_depth_back_dti,2.0,inferred_empirical,0.19,2.64,0.48,0.1,unknown,0.0,0.165,2.5,estimated_archetype_only,,/Users/seongcheoljeong/FDTD/image_sensor_db/generated_tcad_profiles/dep_1912_801_omnivision_ov24a1q/profile.json,techinsights_proxy_profile,models/dep_1912_801_omnivision_ov24a1q.json
DEF-2603-804,Sony,IMX775,DEF,structure_ready_high,63.6,geometry_plus_process_evidence,2.1,extracted,6.7,extracted,full_depth_front_dti,6.566,inferred_empirical,0.141,5.896,0.8,0.1,unknown,0.0,0.28,2.3,estimated_archetype_only,,/Users/seongcheoljeong/FDTD/image_sensor_db/generated_tcad_profiles/def_2603_804_sony_imx775/profile.json,techinsights_proxy_profile,models/def_2603_804_sony_imx775.json
DEF-2601-804,OmniVision,OX05C1S_CIS,DEF,structure_ready_high,63.6,geometry_plus_process_evidence,2.2,extracted,5.9,extracted,full_depth_front_dti,5.782,inferred_empirical,0.19,5.192,0.8,0.1,unknown,0.0,0.28,2.6,estimated_archetype_only,,/Users/seongcheoljeong/FDTD/image_sensor_db/generated_tcad_profiles/def_2601_804_omnivision_ox05c1s_cis/profile.json,techinsights_proxy_profile,models/def_2601_804_omnivision_ox05c1s_cis.json
DEF-2601-802,STMicroelectronics,55G1BA_CIS,DEF,structure_ready_high,63.6,geometry_plus_process_evidence,2.16,extracted,5.9,extracted,full_depth_front_dti,5.782,inferred_empirical,0.22,5.192,0.8,0.1,unknown,0.0,0.28,3.6,estimated_archetype_only,,/Users/seongcheoljeong/FDTD/image_sensor_db/generated_tcad_profiles/def_2601_802_stmicroelectronics_55g1ba_cis/profile.json,techinsights_proxy_profile,models/def_2601_802_stmicroelectronics_55g1ba_cis.json
DEF-2405-803,Sony,IMX681,DEF,structure_ready_high,63.6,geometry_plus_process_evidence,1.0,extracted,3.6,extracted,full_depth_front_dti,3.528,inferred_empirical,0.141,3.168,0.576,0.1,unknown,0.0,0.198,1.7,estimated_archetype_only,,/Users/seongcheoljeong/FDTD/image_sensor_db/generated_tcad_profiles/def_2405_803_sony_imx681/profile.json,techinsights_proxy_profile,models/def_2405_803_sony_imx681.json
DEF-2310-803,Sony,IMX904,DEF,structure_ready_high,63.6,geometry_plus_process_evidence,1.0,extracted,4.3,extracted,full_depth_front_dti,4.214,inferred_empirical,0.141,3.784,0.688,0.1,unknown,0.0,0.2365,1.8,estimated_archetype_only,,/Users/seongcheoljeong/FDTD/image_sensor_db/generated_tcad_profiles/def_2310_803_sony_imx904/profile.json,techinsights_proxy_profile,models/def_2310_803_sony_imx904.json
DEF-2011-803,Sony,IMX510,DEF,structure_ready_high,63.6,geometry_plus_process_evidence,8.4,extracted,2.8,extracted,full_depth_front_dti,2.744,inferred_empirical,0.141,2.464,0.448,0.1,unknown,0.0,0.154,6.3,estimated_archetype_only,,/Users/seongcheoljeong/FDTD/image_sensor_db/generated_tcad_profiles/def_2011_803_sony_imx510/profile.json,techinsights_proxy_profile,models/def_2011_803_sony_imx510.json
DEF-2010-804,Sony,LI-IMX415-MIPI-M12_Front-Cam,DEF,structure_ready_high,63.6,geometry_plus_process_evidence,1.45,extracted,4.0,extracted,full_depth_front_dti,3.92,inferred_empirical,0.141,3.52,0.64,0.1,unknown,0.0,0.22,2.1,estimated_archetype_only,,/Users/seongcheoljeong/FDTD/image_sensor_db/generated_tcad_profiles/def_2010_804_sony_li_imx415_mipi_m12_front_cam/profile.json,techinsights_proxy_profile,models/def_2010_804_sony_li_imx415_mipi_m12_front_cam.json
DEF-2002-803,Sony,SM-G986N_Triple-Rear-Cam1_ISP,DEF,structure_ready_high,63.6,geometry_plus_process_evidence,1.8,extracted,3.0,extracted,full_depth_front_dti,2.94,inferred_empirical,0.141,2.64,0.48,0.1,unknown,0.0,0.165,2.2,estimated_archetype_only,,/Users/seongcheoljeong/FDTD/image_sensor_db/generated_tcad_profiles/def_2002_803_sony_sm_g986n_triple_rear_cam1_isp/profile.json,techinsights_proxy_profile,models/def_2002_803_sony_sm_g986n_triple_rear_cam1_isp.json
DEF-1901-803,Sony,PCT-AL10_Dual-Rear-Cam1_ISP,DEF,structure_ready_high,63.6,geometry_plus_process_evidence,0.8,extracted,3.6,extracted,full_depth_front_dti,3.528,inferred_empirical,0.141,3.168,0.576,0.1,unknown,0.0,0.198,1.5,estimated_archetype_only,,/Users/seongcheoljeong/FDTD/image_sensor_db/generated_tcad_profiles/def_1901_803_sony_pct_al10_dual_rear_cam1_isp/profile.json,techinsights_proxy_profile,models/def_1901_803_sony_pct_al10_dual_rear_cam1_isp.json
DEF-1807-801,Sony,IMX307LQD-C,DEF,structure_ready_high,63.6,geometry_plus_process_evidence,2.9,extracted,2.8,extracted,full_depth_front_dti,2.744,inferred_empirical,0.141,2.464,0.448,0.1,unknown,0.0,0.154,2.4,estimated_archetype_only,,/Users/seongcheoljeong/FDTD/image_sensor_db/generated_tcad_profiles/def_1807_801_sony_imx307lqd_c/profile.json,techinsights_proxy_profile,models/def_1807_801_sony_imx307lqd_c.json
DEF-2512-801,Galaxycore Inc,GC50F6,DEF,structure_ready_high,63.5,geometry_plus_process_evidence,0.61,extracted,3.0,extracted,partial_depth_back_dti,2.0,inferred_empirical,0.19,2.64,0.48,0.1,unknown,0.0,0.165,1.3,estimated_archetype_only,,/Users/seongcheoljeong/FDTD/image_sensor_db/generated_tcad_profiles/def_2512_801_galaxycore_inc_gc50f6/profile.json,techinsights_proxy_profile,models/def_2512_801_galaxycore_inc_gc50f6.json
DEF-2508-801,Unknown,LMR-AL10_Ultra_Dual-Rear-Cam2_CIS,DEF,structure_ready_high,63.5,geometry_plus_process_evidence,1.22,extracted,3.1,extracted,partial_depth_back_dti,2.0,inferred_empirical,0.19,2.728,0.496,0.1,unknown,0.0,0.1705,2.2,estimated_archetype_only,,/Users/seongcheoljeong/FDTD/image_sensor_db/generated_tcad_profiles/def_2508_801_unknown_lmr_al10_ultra_dual_rear_cam2_cis/profile.json,techinsights_proxy_profile,models/def_2508_801_unknown_lmr_al10_ultra_dual_rear_cam2_cis.json
DEF-2412-804,OPPO,Reno12,DEF,structure_ready_high,63.5,geometry_plus_process_evidence,0.7,extracted,2.7,extracted,partial_depth_back_dti,2.0,inferred_empirical,0.19,2.376,0.432,0.1,unknown,0.0,0.1485,1.3,estimated_archetype_only,,/Users/seongcheoljeong/FDTD/image_sensor_db/generated_tcad_profiles/def_2412_804_oppo_reno12/profile.json,techinsights_proxy_profile,models/def_2412_804_oppo_reno12.json
DEF-2312-802,SK Hynix,Hi-5022Q,DEF,structure_ready_high,63.3,geometry_only,0.64,extracted,3.7,extracted,full_depth_front_dti,2.7,extracted,0.1705,3.256,0.592,0.1,unknown,0.0,0.2035,1.4,estimated_archetype_only,,/Users/seongcheoljeong/FDTD/image_sensor_db/generated_tcad_profiles/def_2312_802_sk_hynix_hi_5022q/profile.json,techinsights_proxy_profile,models/def_2312_802_sk_hynix_hi_5022q.json
DEF-2310-801,ams OSRAM,Mira050-1QM1WB_FT_SE,DEF,structure_ready_high,63.3,geometry_only,2.79,extracted,6.0,extracted,partial_depth_back_dti,4.2,extracted,0.19,5.28,0.8,0.1,unknown,0.0,0.28,3.0,estimated_archetype_only,,/Users/seongcheoljeong/FDTD/image_sensor_db/generated_tcad_profiles/def_2310_801_ams_osram_mira050_1qm1wb_ft_se/profile.json,techinsights_proxy_profile,models/def_2310_801_ams_osram_mira050_1qm1wb_ft_se.json
DEF-2307-801,SK Hynix,Hi-5021Q,DEF,structure_ready_high,63.3,geometry_only,0.7,extracted,3.6,extracted,full_depth_front_dti,2.3,extracted,0.1705,3.168,0.576,0.1,unknown,0.0,0.198,1.4,estimated_archetype_only,,/Users/seongcheoljeong/FDTD/image_sensor_db/generated_tcad_profiles/def_2307_801_sk_hynix_hi_5021q/profile.json,techinsights_proxy_profile,models/def_2307_801_sk_hynix_hi_5021q.json
DEF-2212-801,SmartSens,SC910GS,DEF,structure_ready_high,63.3,geometry_only,4.0,extracted,2.3,extracted,partial_depth_back_dti,1.6,extracted,0.19,2.024,0.368,0.1,unknown,0.0,0.1265,4.3,estimated_archetype_only,,/Users/seongcheoljeong/FDTD/image_sensor_db/generated_tcad_profiles/def_2212_801_smartsens_sc910gs/profile.json,techinsights_proxy_profile,models/def_2212_801_smartsens_sc910gs.json
DEP-2112-802,Canon,LC1720_CIS,DEP,structure_ready_high,63.1,geometry_plus_process_evidence,6.0,extracted,3.1,extracted,full_depth_front_dti,3.038,inferred_empirical,0.1705,2.728,0.496,0.1,unknown,0.0,0.1705,8.0,estimated_archetype_only,,/Users/seongcheoljeong/FDTD/image_sensor_db/generated_tcad_profiles/dep_2112_802_canon_lc1720_cis/profile.json,techinsights_proxy_profile,models/dep_2112_802_canon_lc1720_cis.json
DEF-2407-803,Nikon,Nikon Z6 III,DEF,structure_ready_high,63.1,geometry_plus_process_evidence,5.9,extracted,2.7,extracted,full_depth_front_dti,2.646,inferred_empirical,0.1705,2.376,0.432,0.1,unknown,0.0,0.1485,9.2,estimated_archetype_only,,/Users/seongcheoljeong/FDTD/image_sensor_db/generated_tcad_profiles/def_2407_803_nikon_nikon_z6_iii/profile.json,techinsights_proxy_profile,models/def_2407_803_nikon_nikon_z6_iii.json
DEF-2401-803,Prophesee,PEK3X320CDMP_Cam_CIS,DEF,structure_ready_high,63.1,geometry_plus_process_evidence,6.3,extracted,5.8,extracted,full_depth_front_dti,5.684,inferred_empirical,0.1705,5.104,0.8,0.1,unknown,0.0,0.28,4.6,estimated_archetype_only,,/Users/seongcheoljeong/FDTD/image_sensor_db/generated_tcad_profiles/def_2401_803_prophesee_pek3x320cdmp_cam_cis/profile.json,techinsights_proxy_profile,models/def_2401_803_prophesee_pek3x320cdmp_cam_cis.json
DEF-2204-801,Nikon,Nikon Z9,DEF,structure_ready_high,63.1,process_snippet_only,4.35,extracted,2.7,extracted,full_depth_front_dti,2.646,inferred_empirical,0.1705,2.376,0.432,0.1,unknown,0.0,0.1485,6.4,estimated_archetype_only,,/Users/seongcheoljeong/FDTD/image_sensor_db/generated_tcad_profiles/def_2204_801_nikon_nikon_z9/profile.json,techinsights_proxy_profile,models/def_2204_801_nikon_nikon_z9.json
DEF-2111-803,Canon,LC1720_CIS,DEF,structure_ready_high,63.1,geometry_plus_process_evidence,6.0,extracted,3.1,extracted,full_depth_front_dti,3.038,inferred_empirical,0.1705,2.728,0.496,0.1,unknown,0.0,0.1705,8.0,estimated_archetype_only,,/Users/seongcheoljeong/FDTD/image_sensor_db/generated_tcad_profiles/def_2111_803_canon_lc1720_cis/profile.json,techinsights_proxy_profile,models/def_2111_803_canon_lc1720_cis.json
EXR-2603-803,Ring,Wired Video Doorbell Pro (3rd Gen),EXR,structure_ready_high,62.9,geometry_plus_process_evidence,2.0,extracted,3.5,extracted,back_dti,2.3,inferred_empirical,0.19,3.08,0.56,0.1,unknown,0.0,0.1925,2.5,estimated_archetype_only,,/Users/seongcheoljeong/FDTD/image_sensor_db/generated_tcad_profiles/exr_2603_803_ring_wired_video_doorbell_pro_3rd_gen/profile.json,techinsights_proxy_profile,models/exr_2603_803_ring_wired_video_doorbell_pro_3rd_gen.json
DEP-2004-802,Sony,IMX608,DEP,structure_ready_high,62.7,process_snippet_only,1.12,extracted,3.2,extracted,full_depth_front_dti,3.136,inferred_empirical,0.141,2.816,0.512,0.1,unknown,0.0,0.176,2.25,estimated_archetype_only,,/Users/seongcheoljeong/FDTD/image_sensor_db/generated_tcad_profiles/dep_2004_802_sony_imx608/profile.json,techinsights_proxy_profile,models/dep_2004_802_sony_imx608.json
DEP-1911-801,Samsung,S5K3J1SX03_CIS,DEP,structure_ready_high,62.7,process_snippet_only,1.22,extracted,2.6,extracted,full_depth_front_dti,2.548,inferred_empirical,0.096,2.288,0.416,0.1,unknown,0.0,0.143,1.5,estimated_archetype_only,,/Users/seongcheoljeong/FDTD/image_sensor_db/generated_tcad_profiles/dep_1911_801_samsung_s5k3j1sx03_cis/profile.json,techinsights_proxy_profile,models/dep_1911_801_samsung_s5k3j1sx03_cis.json
DEP-1905-803,Sony,IMX362,DEP,structure_ready_high,62.7,process_snippet_only,1.4,extracted,2.9,extracted,full_depth_front_dti,2.842,inferred_empirical,0.141,2.552,0.464,0.1,unknown,0.0,0.1595,2.25,estimated_archetype_only,,/Users/seongcheoljeong/FDTD/image_sensor_db/generated_tcad_profiles/dep_1905_803_sony_imx362/profile.json,techinsights_proxy_profile,models/dep_1905_803_sony_imx362.json
DEP-2004-801,ON Semi,LI-AR0820-GMSL2_Front-Cam,DEP,structure_ready_high,62.6,process_snippet_only,2.1,extracted,2.9,extracted,partial_depth_back_dti,2.0,inferred_empirical,0.19,2.552,0.464,0.1,unknown,0.0,0.1595,2.2,estimated_archetype_only,,/Users/seongcheoljeong/FDTD/image_sensor_db/generated_tcad_profiles/dep_2004_801_on_semi_li_ar0820_gmsl2_front_cam/profile.json,techinsights_proxy_profile,models/dep_2004_801_on_semi_li_ar0820_gmsl2_front_cam.json
DEF-2210-801,SmartSens,SC850SL-CSMNN00,DEF,structure_ready_high,61.1,geometry_only,2.0,extracted,5.8,extracted,partial_depth_back_dti,1.8,inferred_empirical,0.19,5.104,0.8,0.1,unknown,0.0,0.28,2.4,estimated_archetype_only,,/Users/seongcheoljeong/FDTD/image_sensor_db/generated_tcad_profiles/def_2210_801_smartsens_sc850sl_csmnn00/profile.json,techinsights_proxy_profile,models/def_2210_801_smartsens_sc850sl_csmnn00.json
DEF-2409-804,Sony,IMX972,DEF,structure_ready_high,60.6,geometry_only,0.7,extracted,4.5,extracted,full_depth_front_dti,4.41,inferred_empirical,0.141,3.96,0.72,0.1,unknown,0.0,0.2475,1.5,estimated_archetype_only,,/Users/seongcheoljeong/FDTD/image_sensor_db/generated_tcad_profiles/def_2409_804_sony_imx972/profile.json,techinsights_proxy_profile,models/def_2409_804_sony_imx972.json
DEF-2306-803,Sony,IMX715,DEF,structure_ready_high,60.6,geometry_only,1.45,extracted,6.1,extracted,full_depth_front_dti,5.978,inferred_empirical,0.141,5.368,0.8,0.1,unknown,0.0,0.28,2.2,estimated_archetype_only,,/Users/seongcheoljeong/FDTD/image_sensor_db/generated_tcad_profiles/def_2306_803_sony_imx715/profile.json,techinsights_proxy_profile,models/def_2306_803_sony_imx715.json
DEF-2304-801,Sony,IMX500,DEF,structure_ready_high,60.6,geometry_only,1.55,extracted,2.4,extracted,full_depth_front_dti,2.352,inferred_empirical,0.141,2.112,0.384,0.1,unknown,0.0,0.132,2.0,estimated_archetype_only,,/Users/seongcheoljeong/FDTD/image_sensor_db/generated_tcad_profiles/def_2304_801_sony_imx500/profile.json,techinsights_proxy_profile,models/def_2304_801_sony_imx500.json
DEF-2208-801,Sony,IMX787,DEF,structure_ready_high,60.6,geometry_only,0.8,extracted,3.6,extracted,full_depth_front_dti,3.528,inferred_empirical,0.141,3.168,0.576,0.1,unknown,0.0,0.198,1.9,estimated_archetype_only,,/Users/seongcheoljeong/FDTD/image_sensor_db/generated_tcad_profiles/def_2208_801_sony_imx787/profile.json,techinsights_proxy_profile,models/def_2208_801_sony_imx787.json
DEF-2207-802,Sony,IMX989,DEF,structure_ready_high,60.6,geometry_only,1.6,extracted,2.9,extracted,full_depth_front_dti,2.842,inferred_empirical,0.141,2.552,0.464,0.1,unknown,0.0,0.1595,2.0,estimated_archetype_only,,/Users/seongcheoljeong/FDTD/image_sensor_db/generated_tcad_profiles/def_2207_802_sony_imx989/profile.json,techinsights_proxy_profile,models/def_2207_802_sony_imx989.json
DEF-2202-802,Sony,IMX636AAMR-ES,DEF,structure_ready_high,60.6,geometry_only,4.86,extracted,6.8,extracted,full_depth_front_dti,6.664,inferred_empirical,0.141,5.984,0.8,0.1,unknown,0.0,0.28,4.2,estimated_archetype_only,,/Users/seongcheoljeong/FDTD/image_sensor_db/generated_tcad_profiles/def_2202_802_sony_imx636aamr_es/profile.json,techinsights_proxy_profile,models/def_2202_802_sony_imx636aamr_es.json
DEF-2103-802,STMicroelectronics,VG6640AB1M,DEF,structure_ready_high,60.6,geometry_only,3.75,extracted,5.9,inferred_empirical,full_depth_front_dti,4.1,extracted,0.22,5.192,0.8,0.1,unknown,0.0,0.28,4.2,estimated_archetype_only,,/Users/seongcheoljeong/FDTD/image_sensor_db/generated_tcad_profiles/def_2103_802_stmicroelectronics_vg6640ab1m/profile.json,techinsights_proxy_profile,models/def_2103_802_stmicroelectronics_vg6640ab1m.json
DEF-1811-802,Sony,IMX309BQJ,DEF,structure_ready_high,60.6,geometry_only,4.4,extracted,2.7,extracted,full_depth_front_dti,2.646,inferred_empirical,0.141,2.376,0.432,0.1,unknown,0.0,0.1485,6.5,estimated_archetype_only,,/Users/seongcheoljeong/FDTD/image_sensor_db/generated_tcad_profiles/def_1811_802_sony_imx309bqj/profile.json,techinsights_proxy_profile,models/def_1811_802_sony_imx309bqj.json
DEF-2401-801,Galaxycore Inc,KJ5n_Front-Cam_CIS,DEF,structure_ready_high,60.5,geometry_only,0.7,extracted,2.7,extracted,partial_depth_back_dti,2.0,inferred_empirical,0.19,2.376,0.432,0.1,unknown,0.0,0.1485,1.4,estimated_archetype_only,,/Users/seongcheoljeong/FDTD/image_sensor_db/generated_tcad_profiles/def_2401_801_galaxycore_inc_kj5n_front_cam_cis/profile.json,techinsights_proxy_profile,models/def_2401_801_galaxycore_inc_kj5n_front_cam_cis.json
DEF-2104-801,ON Semi,ARX3A0_CIS,DEF,structure_ready_high,60.5,geometry_only,2.2,extracted,2.7,extracted,partial_depth_back_dti,2.0,inferred_empirical,0.19,2.376,0.432,0.1,unknown,0.0,0.1485,1.4,estimated_archetype_only,,/Users/seongcheoljeong/FDTD/image_sensor_db/generated_tcad_profiles/def_2104_801_on_semi_arx3a0_cis/profile.json,techinsights_proxy_profile,models/def_2104_801_on_semi_arx3a0_cis.json
DEF-1907-801,Unknown,NZ1GXD,DEF,structure_ready_high,60.1,geometry_only,2.1,extracted,4.4,extracted,full_depth_front_dti,4.312,inferred_empirical,0.1705,3.872,0.704,0.1,unknown,0.0,0.242,2.7,estimated_archetype_only,,/Users/seongcheoljeong/FDTD/image_sensor_db/generated_tcad_profiles/def_1907_801_unknown_nz1gxd/profile.json,techinsights_proxy_profile,models/def_1907_801_unknown_nz1gxd.json
DEF-1806-801,ON Semi,AR0430,DEF,structure_ready_high,59.9,geometry_only,2.0,extracted,2.4,extracted,back_dti,2.3,inferred_empirical,0.19,2.112,0.384,0.1,unknown,0.0,0.132,1.9,estimated_archetype_only,,/Users/seongcheoljeong/FDTD/image_sensor_db/generated_tcad_profiles/def_1806_801_on_semi_ar0430/profile.json,techinsights_proxy_profile,models/def_1806_801_on_semi_ar0430.json
DEF-1911-802,Samsung,S5K231YX,DEF,structure_ready_high,59.7,process_snippet_only,9.0,extracted,3.7,inferred_empirical,back_dti,2.6,inferred_empirical,0.096,3.256,0.592,0.1,unknown,0.0,0.2035,7.5,estimated_archetype_only,,/Users/seongcheoljeong/FDTD/image_sensor_db/generated_tcad_profiles/def_1911_802_samsung_s5k231yx/profile.json,techinsights_proxy_profile,models/def_1911_802_samsung_s5k231yx.json
DEF-1710-801,SmartSens,CMOS Image Sensor,DEF,structure_ready_high,59.2,process_snippet_only,2.0,extracted,2.9,inferred_empirical,partial_depth_back_dti,1.8,inferred_empirical,0.19,2.552,0.464,0.1,unknown,0.0,0.1595,3.0,estimated_archetype_only,,/Users/seongcheoljeong/FDTD/image_sensor_db/generated_tcad_profiles/def_1710_801_smartsens_cmos_image_sensor/profile.json,techinsights_proxy_profile,models/def_1710_801_smartsens_cmos_image_sensor.json
DEF-2110-804,SmartSens,SAV-WBCMSBML500WH_Front-Cam_CIS,DEF,structure_ready_high,59.0,process_snippet_only,2.0,extracted,2.9,extracted,probable_back_or_front_dti,1.8,inferred_empirical,0.21,2.552,0.464,0.1,unknown,0.0,0.1595,2.3,estimated_archetype_only,,/Users/seongcheoljeong/FDTD/image_sensor_db/generated_tcad_profiles/def_2110_804_smartsens_sav_wbcmsbml500wh_front_cam_cis/profile.json,techinsights_proxy_profile,models/def_2110_804_smartsens_sav_wbcmsbml500wh_front_cam_cis.json
DEP-1811-801,Sony,IMX424_CIS,DEP,structure_ready_high,58.9,process_snippet_only,2.25,extracted,2.7,extracted,probable_back_or_front_dti,2.3,inferred_empirical,0.141,2.376,0.432,0.1,unknown,0.0,0.1485,2.25,estimated_archetype_only,,/Users/seongcheoljeong/FDTD/image_sensor_db/generated_tcad_profiles/dep_1811_801_sony_imx424_cis/profile.json,techinsights_proxy_profile,models/dep_1811_801_sony_imx424_cis.json
DEF-1705-802,Sony,IMX274,DEF,structure_ready_high,58.9,geometry_only,1.62,extracted,3.6,inferred_empirical,full_depth_front_dti,2.2,extracted,0.141,3.168,0.576,0.1,unknown,0.0,0.198,2.1,estimated_archetype_only,,/Users/seongcheoljeong/FDTD/image_sensor_db/generated_tcad_profiles/def_1705_802_sony_imx274/profile.json,techinsights_proxy_profile,models/def_1705_802_sony_imx274.json
DEP-2104-801,Sony,IMX991-AABA,DEP,structure_ready_high,58.8,process_snippet_only,5.0,extracted,3.6,inferred_empirical,back_dti,2.3,inferred_empirical,0.141,3.168,0.576,0.1,unknown,0.0,0.198,2.25,estimated_archetype_only,,/Users/seongcheoljeong/FDTD/image_sensor_db/generated_tcad_profiles/dep_2104_801_sony_imx991_aaba/profile.json,techinsights_proxy_profile,models/dep_2104_801_sony_imx991_aaba.json
DEF-2507-801,SmartSens,SC5A5XS,DEF,structure_ready_high,58.7,geometry_plus_process_evidence,1.6,extracted,3.0,extracted,probable_back_or_front_dti,1.8,inferred_empirical,0.19,2.64,0.48,0.1,unknown,0.0,0.165,3.2,estimated_archetype_only,,/Users/seongcheoljeong/FDTD/image_sensor_db/generated_tcad_profiles/def_2507_801_smartsens_sc5a5xs/profile.json,techinsights_proxy_profile,models/def_2507_801_smartsens_sc5a5xs.json
DEF-2206-804,SmartSens,SC501CS,DEF,structure_ready_medium,57.5,process_snippet_only,1.12,extracted,2.2,extracted,probable_back_or_front_dti,1.8,inferred_empirical,0.18,1.936,0.352,0.1,unknown,0.0,0.121,1.5,estimated_archetype_only,,/Users/seongcheoljeong/FDTD/image_sensor_db/generated_tcad_profiles/def_2206_804_smartsens_sc501cs/profile.json,techinsights_proxy_profile,models/def_2206_804_smartsens_sc501cs.json
DEF-2004-801,Brillnics,BRV0500,DEF,structure_ready_medium,57.4,process_snippet_only,2.12,extracted,2.6,extracted,probable_back_or_front_dti,2.1,inferred_empirical,0.19,2.288,0.416,0.1,unknown,0.0,0.143,2.8,estimated_archetype_only,,/Users/seongcheoljeong/FDTD/image_sensor_db/generated_tcad_profiles/def_2004_801_brillnics_brv0500/profile.json,techinsights_proxy_profile,models/def_2004_801_brillnics_brv0500.json
DEF-1807-802,ON Semi,AR0522,DEF,structure_ready_medium,57.4,process_snippet_only,2.2,extracted,2.5,extracted,probable_back_or_front_dti,2.1,inferred_empirical,0.19,2.2,0.4,0.1,unknown,0.0,0.1375,1.5,estimated_archetype_only,,/Users/seongcheoljeong/FDTD/image_sensor_db/generated_tcad_profiles/def_1807_802_on_semi_ar0522/profile.json,techinsights_proxy_profile,models/def_1807_802_on_semi_ar0522.json
DEF-1806-802,Sony,IMX410,DEF,structure_ready_medium,57.1,process_snippet_only,6.0,extracted,3.6,inferred_empirical,full_depth_front_dti,3.528,inferred_empirical,0.141,3.168,0.576,0.1,unknown,0.0,0.198,8.5,estimated_archetype_only,,/Users/seongcheoljeong/FDTD/image_sensor_db/generated_tcad_profiles/def_1806_802_sony_imx410/profile.json,techinsights_proxy_profile,models/def_1806_802_sony_imx410.json
DEF-1803-805,Sony,IMX390E07,DEF,structure_ready_medium,57.1,process_snippet_only,3.0,extracted,3.6,inferred_empirical,full_depth_front_dti,3.528,inferred_empirical,0.141,3.168,0.576,0.1,unknown,0.0,0.198,2.8,estimated_archetype_only,,/Users/seongcheoljeong/FDTD/image_sensor_db/generated_tcad_profiles/def_1803_805_sony_imx390e07/profile.json,techinsights_proxy_profile,models/def_1803_805_sony_imx390e07.json
DEF-2111-801,Galaxycore Inc,GC8054,DEF,structure_ready_medium,56.5,process_snippet_only,1.12,extracted,2.3,extracted,probable_back_or_front_dti,1.9,inferred_empirical,0.18,2.024,0.368,0.1,unknown,0.0,0.1265,1.7,estimated_archetype_only,,/Users/seongcheoljeong/FDTD/image_sensor_db/generated_tcad_profiles/def_2111_801_galaxycore_inc_gc8054/profile.json,techinsights_proxy_profile,models/def_2111_801_galaxycore_inc_gc8054.json
DEP-1804-802,STMicroelectronics,56G08A,DEP,structure_ready_medium,56.2,process_snippet_only,2.8,extracted,5.9,inferred_empirical,full_depth_front_dti,5.782,inferred_empirical,0.22,5.192,0.8,0.1,unknown,0.0,0.28,3.6,estimated_archetype_only,,/Users/seongcheoljeong/FDTD/image_sensor_db/generated_tcad_profiles/dep_1804_802_stmicroelectronics_56g08a/profile.json,techinsights_proxy_profile,models/dep_1804_802_stmicroelectronics_56g08a.json
DEF-1912-801,ON Semi,LI-AR0820-GMSL2_Front-Cam,DEF,structure_ready_medium,55.6,insufficient_for_tcad,2.1,extracted,2.95,inferred_empirical,partial_depth_back_dti,2.0,inferred_empirical,0.19,2.596,0.472,0.1,unknown,0.0,0.16225,2.2,estimated_archetype_only,,/Users/seongcheoljeong/FDTD/image_sensor_db/generated_tcad_profiles/def_1912_801_on_semi_li_ar0820_gmsl2_front_cam/profile.json,techinsights_proxy_profile,models/def_1912_801_on_semi_li_ar0820_gmsl2_front_cam.json
DEF-2103-803,SmartSens,SC4335,DEF,structure_ready_medium,54.1,process_snippet_only,2.25,extracted,2.9,inferred_empirical,probable_back_or_front_dti,1.8,inferred_empirical,0.21,2.552,0.464,0.1,unknown,0.0,0.1595,4.0,estimated_archetype_only,,/Users/seongcheoljeong/FDTD/image_sensor_db/generated_tcad_profiles/def_2103_803_smartsens_sc4335/profile.json,techinsights_proxy_profile,models/def_2103_803_smartsens_sc4335.json
DEF-1804-803,Sony,IMX324,DEF,structure_ready_medium,54.1,insufficient_for_tcad,2.25,extracted,3.6,inferred_empirical,full_depth_front_dti,3.528,inferred_empirical,0.141,3.168,0.576,0.1,unknown,0.0,0.198,2.8,estimated_archetype_only,,/Users/seongcheoljeong/FDTD/image_sensor_db/generated_tcad_profiles/def_1804_803_sony_imx324/profile.json,techinsights_proxy_profile,models/def_1804_803_sony_imx324.json
DEF-1802-802,Sony,IMX299CJK,DEF,structure_ready_medium,54.1,insufficient_for_tcad,2.4,extracted,3.6,inferred_empirical,full_depth_front_dti,3.528,inferred_empirical,0.141,3.168,0.576,0.1,unknown,0.0,0.198,2.1,estimated_archetype_only,,/Users/seongcheoljeong/FDTD/image_sensor_db/generated_tcad_profiles/def_1802_802_sony_imx299cjk/profile.json,techinsights_proxy_profile,models/def_1802_802_sony_imx299cjk.json
DEF-1712-801,Sony,IMX309AQJ,DEF,structure_ready_medium,54.1,insufficient_for_tcad,4.4,extracted,3.6,inferred_empirical,full_depth_front_dti,3.528,inferred_empirical,0.141,3.168,0.576,0.1,unknown,0.0,0.198,7.1,estimated_archetype_only,,/Users/seongcheoljeong/FDTD/image_sensor_db/generated_tcad_profiles/def_1712_801_sony_imx309aqj/profile.json,techinsights_proxy_profile,models/def_1712_801_sony_imx309aqj.json
DEF-1605-803,Sony,IPCX-HC28551080S-POE_Image-Sensor,DEF,structure_ready_medium,54.1,insufficient_for_tcad,2.9,extracted,3.6,inferred_empirical,full_depth_front_dti,3.528,inferred_empirical,0.141,3.168,0.576,0.1,unknown,0.0,0.198,2.2,estimated_archetype_only,,/Users/seongcheoljeong/FDTD/image_sensor_db/generated_tcad_profiles/def_1605_803_sony_ipcx_hc28551080s_poe_image_sensor/profile.json,techinsights_proxy_profile,models/def_1605_803_sony_ipcx_hc28551080s_poe_image_sensor.json
DEF-1602-801,Sony,ISX017,DEF,structure_ready_medium,54.1,insufficient_for_tcad,3.5,extracted,3.6,inferred_empirical,full_depth_front_dti,3.528,inferred_empirical,0.141,3.168,0.576,0.1,unknown,0.0,0.198,2.2,estimated_archetype_only,,/Users/seongcheoljeong/FDTD/image_sensor_db/generated_tcad_profiles/def_1602_801_sony_isx017/profile.json,techinsights_proxy_profile,models/def_1602_801_sony_isx017.json
DEF-2410-802,Sony,IMX900,DEF,structure_ready_medium,54.0,process_snippet_only,2.25,extracted,3.6,inferred_empirical,probable_back_or_front_dti,2.3,inferred_empirical,0.141,3.168,0.576,0.1,unknown,0.0,0.198,2.25,estimated_archetype_only,,/Users/seongcheoljeong/FDTD/image_sensor_db/generated_tcad_profiles/def_2410_802_sony_imx900/profile.json,techinsights_proxy_profile,models/def_2410_802_sony_imx900.json
DEF-1707-802,Unknown,Sony A9 Image Sensor,DEF,structure_ready_medium,53.6,insufficient_for_tcad,5.95,extracted,3.0,inferred_empirical,full_depth_front_dti,2.94,inferred_empirical,0.1705,2.64,0.48,0.1,unknown,0.0,0.165,8.5,estimated_archetype_only,,/Users/seongcheoljeong/FDTD/image_sensor_db/generated_tcad_profiles/def_1707_802_unknown_sony_a9_image_sensor/profile.json,techinsights_proxy_profile,models/def_1707_802_unknown_sony_a9_image_sensor.json
DEF-2412-803,Galaxycore Inc,PLA-AL10_Dual-Rear-Cam1-2_CIS,DEF,structure_ready_medium,52.5,geometry_plus_process_evidence,1.75,extracted,2.7,inferred_empirical,probable_back_or_front_dti,2.1,inferred_empirical,0.19,2.376,0.432,0.1,unknown,0.0,0.1485,3.4,estimated_archetype_only,,/Users/seongcheoljeong/FDTD/image_sensor_db/generated_tcad_profiles/def_2412_803_galaxycore_inc_pla_al10_dual_rear_cam1_2_cis/profile.json,techinsights_proxy_profile,models/def_2412_803_galaxycore_inc_pla_al10_dual_rear_cam1_2_cis.json
DEF-1801-801,OmniVision,OVM6946-RAJA,DEF,structure_ready_medium,51.9,insufficient_for_tcad,1.75,extracted,3.0,inferred_empirical,probable_back_or_front_dti,2.0,inferred_empirical,0.19,2.64,0.48,0.1,unknown,0.0,0.165,1.3,estimated_archetype_only,,/Users/seongcheoljeong/FDTD/image_sensor_db/generated_tcad_profiles/def_1801_801_omnivision_ovm6946_raja/profile.json,techinsights_proxy_profile,models/def_1801_801_omnivision_ovm6946_raja.json
DEP-1902-801,GPixel Inc,GMAX0505-BM,DEP,structure_ready_medium,50.7,process_snippet_only,2.5,extracted,2.7,inferred_empirical,probable_back_or_front_dti,2.1,inferred_empirical,0.19,2.376,0.432,0.1,unknown,0.0,0.1485,3.8,estimated_archetype_only,,/Users/seongcheoljeong/FDTD/image_sensor_db/generated_tcad_profiles/dep_1902_801_gpixel_inc_gmax0505_bm/profile.json,techinsights_proxy_profile,models/dep_1902_801_gpixel_inc_gmax0505_bm.json
DEF-1902-803,GPixel Inc,GMAX0505-BM,DEF,structure_ready_medium,50.7,process_snippet_only,2.5,extracted,2.7,inferred_empirical,probable_back_or_front_dti,2.1,inferred_empirical,0.19,2.376,0.432,0.1,unknown,0.0,0.1485,3.8,estimated_archetype_only,,/Users/seongcheoljeong/FDTD/image_sensor_db/generated_tcad_profiles/def_1902_803_gpixel_inc_gmax0505_bm/profile.json,techinsights_proxy_profile,models/def_1902_803_gpixel_inc_gmax0505_bm.json
DEP-2211-801,Stratio,BeyonSense 1,DEP,structure_ready_medium,50.4,process_snippet_only,3.0,inferred_empirical,2.9,inferred_empirical,back_dti,2.3,inferred_empirical,0.21,2.552,0.464,0.1,unknown,0.0,0.1595,3.1,estimated_archetype_only,,/Users/seongcheoljeong/FDTD/image_sensor_db/tcad_structure_db/starter_profiles/dep_2211_801_stratio_beyonsense_1/profile.json,estimated_structure_starter_profile,models/dep_2211_801_stratio_beyonsense_1.json
DEF-2304-806,,,DEF,structure_ready_medium,48.5,process_snippet_only,1.75,extracted,3.0,inferred_empirical,probable_back_or_front_dti,2.1,inferred_empirical,0.19,2.64,0.48,0.1,unknown,0.0,0.165,2.4,estimated_archetype_only,,/Users/seongcheoljeong/FDTD/image_sensor_db/generated_tcad_profiles/def_2304_806/profile.json,techinsights_proxy_profile,models/def_2304_806_none_none.json
DEF-1801-802,Aptina,510689,DEF,structure_ready_medium,46.5,insufficient_for_tcad,1.1,extracted,2.7,inferred_empirical,probable_back_or_front_dti,2.2,inferred_empirical,0.18,2.376,0.432,0.1,unknown,0.0,0.1485,1.5,estimated_archetype_only,,/Users/seongcheoljeong/FDTD/image_sensor_db/generated_tcad_profiles/def_1801_802_aptina_510689/profile.json,techinsights_proxy_profile,models/def_1801_802_aptina_510689.json
DEF-2508-802,Sony,IMX454_CIS,DEF,structure_ready_medium,45.1,geometry_plus_process_evidence,2.9,extracted,4.4,extracted,unknown,,unavailable,,3.872,0.704,0.1,unknown,0.0,0.242,3.5,estimated_archetype_only,,/Users/seongcheoljeong/FDTD/image_sensor_db/generated_tcad_profiles/def_2508_802_sony_imx454_cis/profile.json,techinsights_proxy_profile,models/def_2508_802_sony_imx454_cis.json
DEF-1811-801,OmniVision,OV10650,DEF,structure_ready_medium,45.1,process_snippet_only,4.2,extracted,2.0,extracted,unknown,,unavailable,,1.76,0.35,0.1,unknown,0.0,0.12,3.0,estimated_archetype_only,,/Users/seongcheoljeong/FDTD/image_sensor_db/generated_tcad_profiles/def_1811_801_omnivision_ov10650/profile.json,techinsights_proxy_profile,models/def_1811_801_omnivision_ov10650.json
DEF-1805-801,SmartSens,SC130GS,DEF,structure_ready_medium,45.1,process_snippet_only,4.0,extracted,1.9,extracted,unknown,,unavailable,,1.672,0.35,0.1,unknown,0.0,0.12,5.6,estimated_archetype_only,,/Users/seongcheoljeong/FDTD/image_sensor_db/generated_tcad_profiles/def_1805_801_smartsens_sc130gs/profile.json,techinsights_proxy_profile,models/def_1805_801_smartsens_sc130gs.json
DEP-1806-801,SmartSens,SC130GS,DEP,structure_ready_medium,44.2,process_snippet_only,4.0,extracted,1.9,extracted,unknown,,unavailable,,1.672,0.35,0.1,unknown,0.0,0.12,2.65,estimated_archetype_only,,/Users/seongcheoljeong/FDTD/image_sensor_db/generated_tcad_profiles/dep_1806_801_smartsens_sc130gs/profile.json,techinsights_proxy_profile,models/dep_1806_801_smartsens_sc130gs.json
DEF-2011-801,GPixel Inc,GSENSE2020BSI-ANM-NUN,DEF,structure_ready_medium,43.7,process_snippet_only,6.5,extracted,10.5,extracted,unknown,,unavailable,,9.24,0.8,0.1,unknown,0.0,0.28,3.1,estimated_archetype_only,,/Users/seongcheoljeong/FDTD/image_sensor_db/generated_tcad_profiles/def_2011_801_gpixel_inc_gsense2020bsi_anm_nun/profile.json,techinsights_proxy_profile,models/def_2011_801_gpixel_inc_gsense2020bsi_anm_nun.json
DEF-2304-805,,,DEF,structure_ready_medium,42.5,insufficient_for_tcad,2.1,inferred_empirical,3.0,inferred_empirical,dti_present,2.1,inferred_empirical,0.19,2.64,0.48,0.1,unknown,0.0,0.165,2.4,estimated_archetype_only,,/Users/seongcheoljeong/FDTD/image_sensor_db/tcad_structure_db/starter_profiles/def_2304_805_none_none/profile.json,estimated_structure_starter_profile,models/def_2304_805_none_none.json
DEF-2407-802,SmartSens,SC100AT-CS1AF00,DEF,structure_ready_medium,42.1,insufficient_for_tcad,3.0,extracted,2.3,extracted,unknown,,unavailable,,2.024,0.368,0.1,unknown,0.0,0.1265,2.8,estimated_archetype_only,,/Users/seongcheoljeong/FDTD/image_sensor_db/generated_tcad_profiles/def_2407_802_smartsens_sc100at_cs1af00/profile.json,techinsights_proxy_profile,models/def_2407_802_smartsens_sc100at_cs1af00.json
DEF-2308-801,Fujifilm,X-H2s,DEF,structure_ready_medium,42.1,insufficient_for_tcad,3.77,extracted,2.8,extracted,unknown,,unavailable,,2.464,0.448,0.1,unknown,0.0,0.154,6.2,estimated_archetype_only,,/Users/seongcheoljeong/FDTD/image_sensor_db/generated_tcad_profiles/def_2308_801_fujifilm_x_h2s/profile.json,techinsights_proxy_profile,models/def_2308_801_fujifilm_x_h2s.json
DEF-2206-802,ON Semi,AR0220AT3B00XUEA0-DPBR,DEF,structure_ready_medium,42.1,insufficient_for_tcad,4.2,extracted,3.5,extracted,unknown,,unavailable,,3.08,0.56,0.1,unknown,0.0,0.1925,2.3,estimated_archetype_only,,/Users/seongcheoljeong/FDTD/image_sensor_db/generated_tcad_profiles/def_2206_802_on_semi_ar0220at3b00xuea0_dpbr/profile.json,techinsights_proxy_profile,models/def_2206_802_on_semi_ar0220at3b00xuea0_dpbr.json
DEF-1908-802,ON Semi,AR0221SR2C00SUEAH3-GEVB,DEF,structure_ready_medium,42.1,insufficient_for_tcad,4.2,extracted,3.5,extracted,unknown,,unavailable,,3.08,0.56,0.1,unknown,0.0,0.1925,2.3,estimated_archetype_only,,/Users/seongcheoljeong/FDTD/image_sensor_db/generated_tcad_profiles/def_1908_802_on_semi_ar0221sr2c00sueah3_gevb/profile.json,techinsights_proxy_profile,models/def_1908_802_on_semi_ar0221sr2c00sueah3_gevb.json
DEF-2308-803,,,DEF,proxy_structure_low,40.7,insufficient_for_tcad,11.2,extracted,10.5,extracted,unknown,,unavailable,,9.24,0.8,0.1,unknown,0.0,0.28,3.1,estimated_archetype_only,,/Users/seongcheoljeong/FDTD/image_sensor_db/generated_tcad_profiles/def_2308_803/profile.json,techinsights_proxy_profile,models/def_2308_803_none_none.json
DEF-2103-801,ON Semi,MARS1-AR0234ATSMS-GEVB,DEF,proxy_structure_low,40.2,process_snippet_only,3.0,extracted,2.95,inferred_empirical,unknown,,unavailable,,2.596,0.472,0.1,unknown,0.0,0.16225,5.6,estimated_archetype_only,,/Users/seongcheoljeong/FDTD/image_sensor_db/generated_tcad_profiles/def_2103_801_on_semi_mars1_ar0234atsms_gevb/profile.json,techinsights_proxy_profile,models/def_2103_801_on_semi_mars1_ar0234atsms_gevb.json
DEF-1902-801,ON Semi,AR0233AT1B00XUEA0-DRBR-E,DEF,proxy_structure_low,40.2,process_snippet_only,3.0,extracted,2.95,inferred_empirical,unknown,,unavailable,,2.596,0.472,0.1,unknown,0.0,0.16225,1.7,estimated_archetype_only,,/Users/seongcheoljeong/FDTD/image_sensor_db/generated_tcad_profiles/def_1902_801_on_semi_ar0233at1b00xuea0_drbr_e/profile.json,techinsights_proxy_profile,models/def_1902_801_on_semi_ar0233at1b00xuea0_drbr_e.json
DEF-1901-801,ON Semi,AR0237 RGB-IR,DEF,proxy_structure_low,40.2,process_snippet_only,3.0,extracted,2.95,inferred_empirical,unknown,,unavailable,,2.596,0.472,0.1,unknown,0.0,0.16225,6.0,estimated_archetype_only,,/Users/seongcheoljeong/FDTD/image_sensor_db/generated_tcad_profiles/def_1901_801_on_semi_ar0237_rgb_ir/profile.json,techinsights_proxy_profile,models/def_1901_801_on_semi_ar0237_rgb_ir.json
DEF-1809-802,Sony,IMX250MZR,DEF,proxy_structure_low,40.2,process_snippet_only,3.45,extracted,3.6,inferred_empirical,unknown,,unavailable,,3.168,0.576,0.1,unknown,0.0,0.198,6.7,estimated_archetype_only,,/Users/seongcheoljeong/FDTD/image_sensor_db/generated_tcad_profiles/def_1809_802_sony_imx250mzr/profile.json,techinsights_proxy_profile,models/def_1809_802_sony_imx250mzr.json
DEF-1805-803,ON Semi,AS0140,DEF,proxy_structure_low,40.2,process_snippet_only,3.0,extracted,2.95,inferred_empirical,unknown,,unavailable,,2.596,0.472,0.1,unknown,0.0,0.16225,6.0,estimated_archetype_only,,/Users/seongcheoljeong/FDTD/image_sensor_db/generated_tcad_profiles/def_1805_803_on_semi_as0140/profile.json,techinsights_proxy_profile,models/def_1805_803_on_semi_as0140.json
DEF-1802-801,ON Semi,AR0144CSSC00SUKAH3-GEVB,DEF,proxy_structure_low,40.2,process_snippet_only,3.0,extracted,2.95,inferred_empirical,unknown,,unavailable,,2.596,0.472,0.1,unknown,0.0,0.16225,6.6,estimated_archetype_only,,/Users/seongcheoljeong/FDTD/image_sensor_db/generated_tcad_profiles/def_1802_801_on_semi_ar0144cssc00sukah3_gevb/profile.json,techinsights_proxy_profile,models/def_1802_801_on_semi_ar0144cssc00sukah3_gevb.json
DEF-1703-802,Sony,IMX270,DEF,proxy_structure_low,40.2,process_snippet_only,3.3,extracted,3.6,inferred_empirical,unknown,,unavailable,,3.168,0.576,0.1,unknown,0.0,0.198,6.2,estimated_archetype_only,,/Users/seongcheoljeong/FDTD/image_sensor_db/generated_tcad_profiles/def_1703_802_sony_imx270/profile.json,techinsights_proxy_profile,models/def_1703_802_sony_imx270.json
DEF-1503-802,SmartSens,SC1035,DEF,proxy_structure_low,40.2,process_snippet_only,4.0,extracted,2.9,inferred_empirical,unknown,,unavailable,,2.552,0.464,0.1,unknown,0.0,0.1595,4.6,estimated_archetype_only,,/Users/seongcheoljeong/FDTD/image_sensor_db/generated_tcad_profiles/def_1503_802_smartsens_sc1035/profile.json,techinsights_proxy_profile,models/def_1503_802_smartsens_sc1035.json
DEF-1412-801,Sony,IMX210AQL,DEF,proxy_structure_low,40.2,process_snippet_only,3.9,extracted,3.6,inferred_empirical,unknown,,unavailable,,3.168,0.576,0.1,unknown,0.0,0.198,6.8,estimated_archetype_only,,/Users/seongcheoljeong/FDTD/image_sensor_db/generated_tcad_profiles/def_1412_801_sony_imx210aql/profile.json,techinsights_proxy_profile,models/def_1412_801_sony_imx210aql.json
DEF-1311-801,OmniVision,OV07955-E53V-PF,DEF,proxy_structure_low,40.2,process_snippet_only,6.0,extracted,3.0,inferred_empirical,unknown,,unavailable,,2.64,0.48,0.1,unknown,0.0,0.165,5.1,estimated_archetype_only,,/Users/seongcheoljeong/FDTD/image_sensor_db/generated_tcad_profiles/def_1311_801_omnivision_ov07955_e53v_pf/profile.json,techinsights_proxy_profile,models/def_1311_801_omnivision_ov07955_e53v_pf.json
DEP-1811-802,Sony,IMX250MZR,DEP,proxy_structure_low,39.3,process_snippet_only,3.45,extracted,3.6,inferred_empirical,unknown,,unavailable,,3.168,0.576,0.1,unknown,0.0,0.198,2.25,estimated_archetype_only,,/Users/seongcheoljeong/FDTD/image_sensor_db/generated_tcad_profiles/dep_1811_802_sony_imx250mzr/profile.json,techinsights_proxy_profile,models/dep_1811_802_sony_imx250mzr.json
DEF-2104-802,Sony,IMX991-AABA,DEF,proxy_structure_low,39.3,process_snippet_only,5.0,extracted,3.6,inferred_empirical,unknown,,unavailable,,3.168,0.576,0.1,unknown,0.0,0.198,2.25,estimated_archetype_only,,/Users/seongcheoljeong/FDTD/image_sensor_db/generated_tcad_profiles/def_2104_802_sony_imx991_aaba/profile.json,techinsights_proxy_profile,models/def_2104_802_sony_imx991_aaba.json
DEF-1408-801,OmniVision,OV5670,DEF,proxy_structure_low,39.3,process_snippet_only,1.4,extracted,3.0,inferred_empirical,unknown,,unavailable,,2.64,0.48,0.1,unknown,0.0,0.165,2.5,estimated_archetype_only,,/Users/seongcheoljeong/FDTD/image_sensor_db/generated_tcad_profiles/def_1408_801_omnivision_ov5670/profile.json,techinsights_proxy_profile,models/def_1408_801_omnivision_ov5670.json
DEF-2402-804,Canon,LI5030SAC,DEF,proxy_structure_low,38.4,process_snippet_only,6.4,extracted,4.1,inferred_empirical,unknown,,unavailable,,3.608,0.656,0.1,unknown,0.0,0.2255,9.4,estimated_archetype_only,,/Users/seongcheoljeong/FDTD/image_sensor_db/generated_tcad_profiles/def_2402_804_canon_li5030sac/profile.json,techinsights_proxy_profile,models/def_2402_804_canon_li5030sac.json
DEF-2001-802,Canon,3862C002,DEF,proxy_structure_low,38.4,process_snippet_only,3.4,extracted,2.7,inferred_empirical,unknown,,unavailable,,2.376,0.432,0.1,unknown,0.0,0.1485,6.4,estimated_archetype_only,,/Users/seongcheoljeong/FDTD/image_sensor_db/generated_tcad_profiles/def_2001_802_canon_3862c002/profile.json,techinsights_proxy_profile,models/def_2001_802_canon_3862c002.json
DEF-1905-803,PMD Technologies,IRS2381C,DEF,proxy_structure_low,38.4,process_snippet_only,14.0,extracted,4.1,inferred_empirical,unknown,,unavailable,,3.608,0.656,0.1,unknown,0.0,0.2255,16.0,estimated_archetype_only,,/Users/seongcheoljeong/FDTD/image_sensor_db/generated_tcad_profiles/def_1905_803_pmd_technologies_irs2381c/profile.json,techinsights_proxy_profile,models/def_1905_803_pmd_technologies_irs2381c.json
DEF-1708-805,Aptina,522487,DEF,proxy_structure_low,38.4,process_snippet_only,3.0,extracted,2.7,inferred_empirical,unknown,,unavailable,,2.376,0.432,0.1,unknown,0.0,0.1485,2.4,estimated_archetype_only,,/Users/seongcheoljeong/FDTD/image_sensor_db/generated_tcad_profiles/def_1708_805_aptina_522487/profile.json,techinsights_proxy_profile,models/def_1708_805_aptina_522487.json
DEF-1606-801,Canon,0931C001_Pri-Camera,DEF,proxy_structure_low,38.4,process_snippet_only,6.5,extracted,2.85,inferred_empirical,unknown,,unavailable,,2.508,0.456,0.1,unknown,0.0,0.15675,8.6,estimated_archetype_only,,/Users/seongcheoljeong/FDTD/image_sensor_db/generated_tcad_profiles/def_1606_801_canon_0931c001_pri_camera/profile.json,techinsights_proxy_profile,models/def_1606_801_canon_0931c001_pri_camera.json
DEF-1605-801,Nikon,5119,DEF,proxy_structure_low,38.4,process_snippet_only,6.5,extracted,2.7,inferred_empirical,unknown,,unavailable,,2.376,0.432,0.1,unknown,0.0,0.1485,6.0,estimated_archetype_only,,/Users/seongcheoljeong/FDTD/image_sensor_db/generated_tcad_profiles/def_1605_801_nikon_5119/profile.json,techinsights_proxy_profile,models/def_1605_801_nikon_5119.json
DEF-1406-801,E2V Technologies,EV76C570,DEF,proxy_structure_low,37.8,process_snippet_only,4.5,extracted,3.1,inferred_empirical,unknown,,unavailable,,2.728,0.496,0.1,unknown,0.0,0.1705,6.0,estimated_archetype_only,,/Users/seongcheoljeong/FDTD/image_sensor_db/generated_tcad_profiles/def_1406_801_e2v_technologies_ev76c570/profile.json,techinsights_proxy_profile,models/def_1406_801_e2v_technologies_ev76c570.json
DEF-2012-802,Unknown,CeleX-V,DEF,proxy_structure_low,37.2,insufficient_for_tcad,9.8,extracted,3.0,inferred_empirical,unknown,,unavailable,,2.64,0.48,0.1,unknown,0.0,0.165,14.0,estimated_archetype_only,,/Users/seongcheoljeong/FDTD/image_sensor_db/generated_tcad_profiles/def_2012_802_unknown_celex_v/profile.json,techinsights_proxy_profile,models/def_2012_802_unknown_celex_v.json
DEF-1907-803,OmniVision,OV2311,DEF,proxy_structure_low,37.2,insufficient_for_tcad,3.0,extracted,3.0,inferred_empirical,unknown,,unavailable,,2.64,0.48,0.1,unknown,0.0,0.165,4.8,estimated_archetype_only,,/Users/seongcheoljeong/FDTD/image_sensor_db/generated_tcad_profiles/def_1907_803_omnivision_ov2311/profile.json,techinsights_proxy_profile,models/def_1907_803_omnivision_ov2311.json
DEF-1809-803,OmniVision,OV2775_CIS,DEF,proxy_structure_low,37.2,insufficient_for_tcad,2.8,extracted,3.0,inferred_empirical,unknown,,unavailable,,2.64,0.48,0.1,unknown,0.0,0.165,3.5,estimated_archetype_only,,/Users/seongcheoljeong/FDTD/image_sensor_db/generated_tcad_profiles/def_1809_803_omnivision_ov2775_cis/profile.json,techinsights_proxy_profile,models/def_1809_803_omnivision_ov2775_cis.json
DEF-1708-804,OmniVision,OS05A10,DEF,proxy_structure_low,37.2,insufficient_for_tcad,2.0,extracted,3.0,inferred_empirical,unknown,,unavailable,,2.64,0.48,0.1,unknown,0.0,0.165,2.5,estimated_archetype_only,,/Users/seongcheoljeong/FDTD/image_sensor_db/generated_tcad_profiles/def_1708_804_omnivision_os05a10/profile.json,techinsights_proxy_profile,models/def_1708_804_omnivision_os05a10.json
DEF-1708-803,OmniVision,OV4688,DEF,proxy_structure_low,37.2,insufficient_for_tcad,2.0,extracted,3.0,inferred_empirical,unknown,,unavailable,,2.64,0.48,0.1,unknown,0.0,0.165,2.2,estimated_archetype_only,,/Users/seongcheoljeong/FDTD/image_sensor_db/generated_tcad_profiles/def_1708_803_omnivision_ov4688/profile.json,techinsights_proxy_profile,models/def_1708_803_omnivision_ov4688.json
DEF-1511-803,Sony,IMX224,DEF,proxy_structure_low,37.2,insufficient_for_tcad,3.75,extracted,3.6,inferred_empirical,unknown,,unavailable,,3.168,0.576,0.1,unknown,0.0,0.198,5.3,estimated_archetype_only,,/Users/seongcheoljeong/FDTD/image_sensor_db/generated_tcad_profiles/def_1511_803_sony_imx224/profile.json,techinsights_proxy_profile,models/def_1511_803_sony_imx224.json
DEF-1407-803,Galaxycore Inc,GC5004,DEF,proxy_structure_low,37.2,insufficient_for_tcad,1.4,extracted,2.7,inferred_empirical,unknown,,unavailable,,2.376,0.432,0.1,unknown,0.0,0.1485,2.0,estimated_archetype_only,,/Users/seongcheoljeong/FDTD/image_sensor_db/generated_tcad_profiles/def_1407_803_galaxycore_inc_gc5004/profile.json,techinsights_proxy_profile,models/def_1407_803_galaxycore_inc_gc5004.json
DEF-1407-802,OmniVision,OV10635-N29Y-PB,DEF,proxy_structure_low,37.2,insufficient_for_tcad,4.2,extracted,3.0,inferred_empirical,unknown,,unavailable,,2.64,0.48,0.1,unknown,0.0,0.165,5.5,estimated_archetype_only,,/Users/seongcheoljeong/FDTD/image_sensor_db/generated_tcad_profiles/def_1407_802_omnivision_ov10635_n29y_pb/profile.json,techinsights_proxy_profile,models/def_1407_802_omnivision_ov10635_n29y_pb.json
DEP-2603-801,Samsung,JN5,DEP,proxy_structure_low,35.4,process_snippet_only,0.8,inferred_empirical,3.7,inferred_empirical,unknown,,unavailable,,3.256,0.592,0.1,unknown,0.0,0.2035,1.5,estimated_archetype_only,,/Users/seongcheoljeong/FDTD/image_sensor_db/tcad_structure_db/starter_profiles/dep_2603_801_samsung_jn5/profile.json,estimated_structure_starter_profile,models/dep_2603_801_samsung_jn5.json
DEF-2212-803,Panasonic,MN34450_CIS,DEF,proxy_structure_low,35.4,insufficient_for_tcad,4.3,extracted,4.1,inferred_empirical,unknown,,unavailable,,3.608,0.656,0.1,unknown,0.0,0.2255,4.3,estimated_archetype_only,,/Users/seongcheoljeong/FDTD/image_sensor_db/generated_tcad_profiles/def_2212_803_panasonic_mn34450_cis/profile.json,techinsights_proxy_profile,models/def_2212_803_panasonic_mn34450_cis.json
DEF-2107-801,Canon,LY1240_CIS,DEF,proxy_structure_low,35.4,insufficient_for_tcad,4.1,extracted,4.1,inferred_empirical,unknown,,unavailable,,3.608,0.656,0.1,unknown,0.0,0.2255,6.7,estimated_archetype_only,,/Users/seongcheoljeong/FDTD/image_sensor_db/generated_tcad_profiles/def_2107_801_canon_ly1240_cis/profile.json,techinsights_proxy_profile,models/def_2107_801_canon_ly1240_cis.json
DEF-2105-801,Prophesee,V2M_CIS,DEF,proxy_structure_low,35.4,insufficient_for_tcad,15.0,extracted,4.1,inferred_empirical,unknown,,unavailable,,3.608,0.656,0.1,unknown,0.0,0.2255,14.8,estimated_archetype_only,,/Users/seongcheoljeong/FDTD/image_sensor_db/generated_tcad_profiles/def_2105_801_prophesee_v2m_cis/profile.json,techinsights_proxy_profile,models/def_2105_801_prophesee_v2m_cis.json
DEF-1810-802,Canon,LC1510_CIS,DEF,proxy_structure_low,35.4,insufficient_for_tcad,5.4,extracted,2.85,inferred_empirical,unknown,,unavailable,,2.508,0.456,0.1,unknown,0.0,0.15675,7.8,estimated_archetype_only,,/Users/seongcheoljeong/FDTD/image_sensor_db/generated_tcad_profiles/def_1810_802_canon_lc1510_cis/profile.json,techinsights_proxy_profile,models/def_1810_802_canon_lc1510_cis.json
DEF-1707-803,Fujitsu,F-04G_Biometric,DEF,proxy_structure_low,35.4,insufficient_for_tcad,1.12,extracted,3.55,inferred_empirical,unknown,,unavailable,,3.124,0.568,0.1,unknown,0.0,0.19525,1.8,estimated_archetype_only,,/Users/seongcheoljeong/FDTD/image_sensor_db/generated_tcad_profiles/def_1707_803_fujitsu_f_04g_biometric/profile.json,techinsights_proxy_profile,models/def_1707_803_fujitsu_f_04g_biometric.json
DEF-1609-802,Nikon,IMX321AQJ,DEF,proxy_structure_low,35.4,insufficient_for_tcad,4.2,extracted,2.7,inferred_empirical,unknown,,unavailable,,2.376,0.432,0.1,unknown,0.0,0.1485,6.5,estimated_archetype_only,,/Users/seongcheoljeong/FDTD/image_sensor_db/generated_tcad_profiles/def_1609_802_nikon_imx321aqj/profile.json,techinsights_proxy_profile,models/def_1609_802_nikon_imx321aqj.json
DEF-1506-804,E2V Technologies,LINCE5M,DEF,proxy_structure_low,35.4,insufficient_for_tcad,5.0,extracted,4.1,inferred_empirical,unknown,,unavailable,,3.608,0.656,0.1,unknown,0.0,0.2255,7.1,estimated_archetype_only,,/Users/seongcheoljeong/FDTD/image_sensor_db/generated_tcad_profiles/def_1506_804_e2v_technologies_lince5m/profile.json,techinsights_proxy_profile,models/def_1506_804_e2v_technologies_lince5m.json
DEF-1405-802,Leica,X1000,DEF,proxy_structure_low,35.4,insufficient_for_tcad,6.0,extracted,4.1,inferred_empirical,unknown,,unavailable,,3.608,0.656,0.1,unknown,0.0,0.2255,5.6,estimated_archetype_only,,/Users/seongcheoljeong/FDTD/image_sensor_db/generated_tcad_profiles/def_1405_802_leica_x1000/profile.json,techinsights_proxy_profile,models/def_1405_802_leica_x1000.json
DEF-1405-801,Melexis,MLX75411,DEF,proxy_structure_low,35.4,insufficient_for_tcad,5.5,extracted,4.1,inferred_empirical,unknown,,unavailable,,3.608,0.656,0.1,unknown,0.0,0.2255,10.0,estimated_archetype_only,,/Users/seongcheoljeong/FDTD/image_sensor_db/generated_tcad_profiles/def_1405_801_melexis_mlx75411/profile.json,techinsights_proxy_profile,models/def_1405_801_melexis_mlx75411.json
DEF-2007-801,Newsight Imaging,NSI1000A0,DEF,proxy_structure_low,34.0,insufficient_for_tcad,6.0,extracted,3.0,inferred_empirical,unknown,,unavailable,,2.64,0.48,0.1,unknown,0.0,0.165,1.7,estimated_archetype_only,,/Users/seongcheoljeong/FDTD/image_sensor_db/generated_tcad_profiles/def_2007_801_newsight_imaging_nsi1000a0/profile.json,techinsights_proxy_profile,models/def_2007_801_newsight_imaging_nsi1000a0.json
DEP-2606-801,Sony,LYT-901,DEP,proxy_structure_low,32.4,insufficient_for_tcad,2.25,inferred_empirical,3.6,inferred_empirical,unknown,,unavailable,,3.168,0.576,0.1,unknown,0.0,0.198,2.25,estimated_archetype_only,,/Users/seongcheoljeong/FDTD/image_sensor_db/tcad_structure_db/starter_profiles/dep_2606_801_sony_lyt_901/profile.json,estimated_structure_starter_profile,models/dep_2606_801_sony_lyt_901.json
DEP-2602-801,OmniVision,OX05C1S_CIS,DEP,proxy_structure_low,32.4,insufficient_for_tcad,2.0,inferred_empirical,3.0,inferred_empirical,unknown,,unavailable,,2.64,0.48,0.1,unknown,0.0,0.165,2.5,estimated_archetype_only,,/Users/seongcheoljeong/FDTD/image_sensor_db/tcad_structure_db/starter_profiles/dep_2602_801_omnivision_ox05c1s_cis/profile.json,estimated_structure_starter_profile,models/dep_2602_801_omnivision_ox05c1s_cis.json
DEF-2606-802,OmniVision,BKQ-N49_Rear-Cam3_CIS,DEF,proxy_structure_low,32.4,insufficient_for_tcad,2.0,inferred_empirical,3.0,inferred_empirical,unknown,,unavailable,,2.64,0.48,0.1,unknown,0.0,0.165,2.5,estimated_archetype_only,,/Users/seongcheoljeong/FDTD/image_sensor_db/tcad_structure_db/starter_profiles/def_2606_802_omnivision_bkq_n49_rear_cam3_cis/profile.json,estimated_structure_starter_profile,models/def_2606_802_omnivision_bkq_n49_rear_cam3_cis.json
DEF-2502-803,Melexis,MLX90632SLD-BCB-000-SP,DEF,proxy_structure_low,31.6,process_snippet_only,3.0,inferred_empirical,4.1,inferred_empirical,unknown,,unavailable,,3.608,0.656,0.1,unknown,0.0,0.2255,3.1,estimated_archetype_only,,/Users/seongcheoljeong/FDTD/image_sensor_db/tcad_structure_db/starter_profiles/def_2502_803_melexis_mlx90632sld_bcb_000_sp/profile.json,estimated_structure_starter_profile,models/def_2502_803_melexis_mlx90632sld_bcb_000_sp.json
DEF-2211-801,Stratio,BeyonSense 1,DEF,proxy_structure_low,28.6,insufficient_for_tcad,3.0,inferred_empirical,4.1,inferred_empirical,unknown,,unavailable,,3.608,0.656,0.1,unknown,0.0,0.2255,3.1,estimated_archetype_only,,/Users/seongcheoljeong/FDTD/image_sensor_db/tcad_structure_db/starter_profiles/def_2211_801_stratio_beyonsense_1/profile.json,estimated_structure_starter_profile,models/def_2211_801_stratio_beyonsense_1.json
