code,manufacturer,device_name,report_type,optical_readiness,optical_score,pixel_pitch_um,optical_stack_height_um,cfa_pattern,cfa_thickness_um,cfa_thickness_min_um,cfa_thickness_max_um,color_filter_pitch_um,color_filter_pitch_source,microlens_type,ocl_pitch_um,ocl_pitch_source,grid_material,grid_pitch_um,grid_pitch_source,cfa_proxy_nk_enabled,cfa_proxy_applicability,cfa_proxy_library_id,cfa_proxy_thickness_um,cfa_proxy_thickness_source,proxy_t_blue_450,proxy_t_green_550,proxy_t_red_650,proxy_t_clear_550,qe_status,qe_point_count,qe_points,qe_qualitative_count,spectral_range_count,filter_set_count,source_html,model_json
DEF-1311-801,OmniVision,OV07955-E53V-PF,DEF,optical_context_only,44,6.0,5.1,,,,,6.0,inferred_rule,,6.0,inferred_rule,,6.0,inferred_rule,False,unknown_cfa_pattern,common_rgb_color_resist_proxy_2026_06,0.65,inferred_proxy_default,,,,,not_found,0,,0,0,0,/Users/seongcheoljeong/Sensor_DB_TechInsight/techinsights_html_download/html/reports/166_DEF-1311-801.html,models/def_1311_801_omnivision_ov07955_e53v_pf.json
DEF-1405-801,Melexis,MLX75411,DEF,optical_context_only,44,5.5,10.0,,,,,5.5,inferred_rule,,5.5,inferred_rule,,5.5,inferred_rule,False,unknown_cfa_pattern,common_rgb_color_resist_proxy_2026_06,0.65,inferred_proxy_default,,,,,not_found,0,,0,0,0,/Users/seongcheoljeong/Sensor_DB_TechInsight/techinsights_html_download/html/reports/164_DEF-1405-801.html,models/def_1405_801_melexis_mlx75411.json
DEF-1405-802,Leica,X1000,DEF,optical_ready_medium,54,6.0,5.6,,,,,6.0,inferred_rule,ocl,6.0,inferred_rule,,6.0,inferred_rule,False,unknown_cfa_pattern,common_rgb_color_resist_proxy_2026_06,0.65,inferred_proxy_default,,,,,not_found,0,,0,0,0,/Users/seongcheoljeong/Sensor_DB_TechInsight/techinsights_html_download/html/reports/165_DEF-1405-802.html,models/def_1405_802_leica_x1000.json
DEF-1406-801,E2V Technologies,EV76C570,DEF,optical_context_only,44,4.5,6.0,,,,,4.5,inferred_rule,,4.5,inferred_rule,,4.5,inferred_rule,False,unknown_cfa_pattern,common_rgb_color_resist_proxy_2026_06,0.65,inferred_proxy_default,,,,,not_found,0,,0,0,0,/Users/seongcheoljeong/Sensor_DB_TechInsight/techinsights_html_download/html/reports/163_DEF-1406-801.html,models/def_1406_801_e2v_technologies_ev76c570.json
DEF-1407-802,OmniVision,OV10635-N29Y-PB,DEF,optical_context_only,44,4.2,5.5,,,,,4.2,inferred_rule,,4.2,inferred_rule,,4.2,inferred_rule,False,unknown_cfa_pattern,common_rgb_color_resist_proxy_2026_06,0.65,inferred_proxy_default,,,,,not_found,0,,0,0,0,/Users/seongcheoljeong/Sensor_DB_TechInsight/techinsights_html_download/html/reports/161_DEF-1407-802.html,models/def_1407_802_omnivision_ov10635_n29y_pb.json
DEF-1407-803,Galaxycore Inc,GC5004,DEF,optical_context_only,44,1.4,2.0,,,,,1.4,inferred_rule,,1.4,inferred_rule,,1.4,inferred_rule,False,unknown_cfa_pattern,common_rgb_color_resist_proxy_2026_06,0.65,inferred_proxy_default,,,,,not_found,0,,0,0,0,/Users/seongcheoljeong/Sensor_DB_TechInsight/techinsights_html_download/html/reports/162_DEF-1407-803.html,models/def_1407_803_galaxycore_inc_gc5004.json
DEF-1408-801,OmniVision,OV5670,DEF,optical_context_only,28,1.4,,,,,,1.4,inferred_rule,,1.4,inferred_rule,,1.4,inferred_rule,False,unknown_cfa_pattern,common_rgb_color_resist_proxy_2026_06,0.65,inferred_proxy_default,,,,,not_found,0,,0,0,0,/Users/seongcheoljeong/Sensor_DB_TechInsight/techinsights_html_download/html/reports/160_DEF-1408-801.html,models/def_1408_801_omnivision_ov5670.json
DEF-1412-801,Sony,IMX210AQL,DEF,optical_context_only,44,3.9,6.8,,,,,3.9,inferred_rule,,3.9,inferred_rule,,3.9,inferred_rule,False,unknown_cfa_pattern,common_rgb_color_resist_proxy_2026_06,0.65,inferred_proxy_default,,,,,not_found,0,,0,0,0,/Users/seongcheoljeong/Sensor_DB_TechInsight/techinsights_html_download/html/reports/159_DEF-1412-801.html,models/def_1412_801_sony_imx210aql.json
DEF-1503-802,SmartSens,SC1035,DEF,optical_context_only,44,4.0,4.6,,,,,4.0,inferred_rule,,4.0,inferred_rule,,4.0,inferred_rule,False,unknown_cfa_pattern,common_rgb_color_resist_proxy_2026_06,0.65,inferred_proxy_default,,,,,not_found,0,,0,0,0,/Users/seongcheoljeong/Sensor_DB_TechInsight/techinsights_html_download/html/reports/158_DEF-1503-802.html,models/def_1503_802_smartsens_sc1035.json
DEF-1506-804,E2V Technologies,LINCE5M,DEF,optical_context_only,44,5.0,7.1,,,,,5.0,inferred_rule,,5.0,inferred_rule,,5.0,inferred_rule,False,unknown_cfa_pattern,common_rgb_color_resist_proxy_2026_06,0.65,inferred_proxy_default,,,,,not_found,0,,0,0,0,/Users/seongcheoljeong/Sensor_DB_TechInsight/techinsights_html_download/html/reports/157_DEF-1506-804.html,models/def_1506_804_e2v_technologies_lince5m.json
DEF-1511-803,Sony,IMX224,DEF,optical_ready_medium,56,3.75,5.3,bayer,,,,3.75,inferred_rule,,3.75,inferred_rule,,3.75,inferred_rule,True,rgb_color_filter_proxy,common_rgb_color_resist_proxy_2026_06,0.65,inferred_proxy_default,0.8200,0.8500,0.8800,,not_found,0,,0,0,0,/Users/seongcheoljeong/Sensor_DB_TechInsight/techinsights_html_download/html/reports/156_DEF-1511-803.html,models/def_1511_803_sony_imx224.json
DEF-1602-801,Sony,ISX017,DEF,optical_ready_medium,60,3.5,2.2,,,,,3.5,inferred_rule,gapless_ocl,3.5,inferred_rule,tin,3.5,inferred_rule,False,unknown_cfa_pattern,common_rgb_color_resist_proxy_2026_06,0.65,inferred_proxy_default,,,,,not_found,0,,0,0,0,/Users/seongcheoljeong/Sensor_DB_TechInsight/techinsights_html_download_devices_a6pf30000000GqhAAE/html/reports/031_DEF-1602-801.html,models/def_1602_801_sony_isx017.json
DEF-1605-801,Nikon,5119,DEF,optical_ready_medium,66,6.5,6.0,bayer,,,,6.5,inferred_rule,gapless_ocl,6.5,inferred_rule,,6.5,inferred_rule,True,rgb_color_filter_proxy,common_rgb_color_resist_proxy_2026_06,0.65,inferred_proxy_default,0.8200,0.8500,0.8800,,not_found,0,,0,0,0,/Users/seongcheoljeong/Sensor_DB_TechInsight/techinsights_html_download/html/reports/155_DEF-1605-801.html,models/def_1605_801_nikon_5119.json
DEF-1605-803,Sony,IPCX-HC28551080S-POE_Image-Sensor,DEF,optical_ready_high,72,2.9,2.2,bayer,,,,2.9,inferred_rule,gapless_ocl,2.9,inferred_rule,tin,2.9,inferred_rule,True,rgb_color_filter_proxy,common_rgb_color_resist_proxy_2026_06,0.65,inferred_proxy_default,0.8200,0.8500,0.8800,,not_found,0,,0,0,0,/Users/seongcheoljeong/Sensor_DB_TechInsight/techinsights_html_download/html/reports/154_DEF-1605-803.html,models/def_1605_803_sony_ipcx_hc28551080s_poe_image_sensor.json
DEF-1606-801,Canon,0931C001_Pri-Camera,DEF,optical_ready_medium,56,6.5,8.6,bayer,,,,6.5,inferred_rule,,6.5,inferred_rule,,6.5,inferred_rule,True,rgb_color_filter_proxy,common_rgb_color_resist_proxy_2026_06,0.65,inferred_proxy_default,0.8200,0.8500,0.8800,,not_found,0,,0,0,0,/Users/seongcheoljeong/Sensor_DB_TechInsight/techinsights_html_download/html/reports/153_DEF-1606-801.html,models/def_1606_801_canon_0931c001_pri_camera.json
DEF-1609-802,Nikon,IMX321AQJ,DEF,optical_ready_medium,66,4.2,6.5,bayer,,,,4.2,inferred_rule,gapless_ocl,4.2,inferred_rule,,4.2,inferred_rule,True,rgb_color_filter_proxy,common_rgb_color_resist_proxy_2026_06,0.65,inferred_proxy_default,0.8200,0.8500,0.8800,,not_found,0,,0,0,0,/Users/seongcheoljeong/Sensor_DB_TechInsight/techinsights_html_download/html/reports/152_DEF-1609-802.html,models/def_1609_802_nikon_imx321aqj.json
DEF-1703-802,Sony,IMX270,DEF,optical_ready_medium,62,3.3,6.2,bayer,,,,3.3,inferred_rule,,3.3,inferred_rule,tin,3.3,inferred_rule,True,rgb_color_filter_proxy,common_rgb_color_resist_proxy_2026_06,0.65,inferred_proxy_default,0.8200,0.8500,0.8800,,not_found,0,,0,0,0,/Users/seongcheoljeong/Sensor_DB_TechInsight/techinsights_html_download/html/reports/151_DEF-1703-802.html,models/def_1703_802_sony_imx270.json
DEF-1705-802,Sony,IMX274,DEF,optical_ready_high,72,1.62,2.1,bayer,,,,1.62,inferred_rule,gapless_ocl,1.62,inferred_rule,w,1.62,inferred_rule,True,rgb_color_filter_proxy,common_rgb_color_resist_proxy_2026_06,0.65,inferred_proxy_default,0.8200,0.8500,0.8800,,not_found,0,,0,0,0,/Users/seongcheoljeong/Sensor_DB_TechInsight/techinsights_html_download/html/reports/150_DEF-1705-802.html,models/def_1705_802_sony_imx274.json
DEF-1707-802,Unknown,Sony A9 Image Sensor,DEF,optical_ready_high,72,5.95,8.5,bayer,,,,5.95,inferred_rule,gapless_ocl,5.95,inferred_rule,tin,5.95,inferred_rule,True,rgb_color_filter_proxy,common_rgb_color_resist_proxy_2026_06,0.65,inferred_proxy_default,0.8200,0.8500,0.8800,,not_found,0,,0,0,0,/Users/seongcheoljeong/Sensor_DB_TechInsight/techinsights_html_download/html/reports/149_DEF-1707-802.html,models/def_1707_802_unknown_sony_a9_image_sensor.json
DEF-1707-803,Fujitsu,F-04G_Biometric,DEF,optical_ready_high,72,1.12,1.8,bayer,,,,1.12,inferred_rule,gapless_ocl,1.12,inferred_rule,w,1.12,inferred_rule,True,rgb_color_filter_proxy,common_rgb_color_resist_proxy_2026_06,0.65,inferred_proxy_default,0.8200,0.8500,0.8800,,not_found,0,,0,0,0,/Users/seongcheoljeong/Sensor_DB_TechInsight/techinsights_html_download_missing_def_a6pf30000000GqhAAE/html/reports/085_DEF-1707-803.html,models/def_1707_803_fujitsu_f_04g_biometric.json
DEF-1708-803,OmniVision,OV4688,DEF,optical_ready_high,72,2.0,2.2,bayer,,,,2.0,inferred_rule,gapless_ocl,2.0,inferred_rule,tin,2.0,inferred_rule,True,rgb_color_filter_proxy,common_rgb_color_resist_proxy_2026_06,0.65,inferred_proxy_default,0.8200,0.8500,0.8800,,not_found,0,,0,0,0,/Users/seongcheoljeong/Sensor_DB_TechInsight/techinsights_html_download/html/reports/146_DEF-1708-803.html,models/def_1708_803_omnivision_ov4688.json
DEF-1708-804,OmniVision,OS05A10,DEF,optical_ready_high,72,2.0,2.5,bayer,,,,2.0,inferred_rule,gapless_ocl,2.0,inferred_rule,tin,2.0,inferred_rule,True,rgb_color_filter_proxy,common_rgb_color_resist_proxy_2026_06,0.65,inferred_proxy_default,0.8200,0.8500,0.8800,,not_found,0,,0,0,0,/Users/seongcheoljeong/Sensor_DB_TechInsight/techinsights_html_download_missing_def_a6pf30000000GqhAAE/html/reports/092_DEF-1708-804.html,models/def_1708_804_omnivision_os05a10.json
DEF-1708-805,Aptina,522487,DEF,optical_ready_medium,50,3.0,2.4,,,,,3.0,inferred_rule,,3.0,inferred_rule,tin,3.0,inferred_rule,False,unknown_cfa_pattern,common_rgb_color_resist_proxy_2026_06,0.65,inferred_proxy_default,,,,,not_found,0,,0,0,0,/Users/seongcheoljeong/Sensor_DB_TechInsight/techinsights_html_download/html/reports/148_DEF-1708-805.html,models/def_1708_805_aptina_522487.json
DEF-1710-801,SmartSens,CMOS Image Sensor,DEF,optical_ready_high,72,2.0,3.0,bayer,,,,2.0,inferred_rule,gapless_ocl,2.0,inferred_rule,tin,2.0,inferred_rule,True,rgb_color_filter_proxy,common_rgb_color_resist_proxy_2026_06,0.65,inferred_proxy_default,0.8200,0.8500,0.8800,,not_found,0,,0,0,0,/Users/seongcheoljeong/Sensor_DB_TechInsight/techinsights_html_download/html/reports/147_DEF-1710-801.html,models/def_1710_801_smartsens_cmos_image_sensor.json
DEF-1712-801,Sony,IMX309AQJ,DEF,optical_ready_medium,62,4.4,7.1,bayer,,,,4.4,inferred_rule,,4.4,inferred_rule,w,4.4,inferred_rule,True,rgb_color_filter_proxy,common_rgb_color_resist_proxy_2026_06,0.65,inferred_proxy_default,0.8200,0.8500,0.8800,,not_found,0,,0,0,0,/Users/seongcheoljeong/Sensor_DB_TechInsight/techinsights_html_download/html/reports/145_DEF-1712-801.html,models/def_1712_801_sony_imx309aqj.json
DEF-1801-801,OmniVision,OVM6946-RAJA,DEF,optical_ready_medium,56,1.75,1.3,bayer,,,,1.75,inferred_rule,,1.75,inferred_rule,,1.75,inferred_rule,True,rgb_color_filter_proxy,common_rgb_color_resist_proxy_2026_06,0.65,inferred_proxy_default,0.8200,0.8500,0.8800,,not_found,0,,0,0,0,/Users/seongcheoljeong/Sensor_DB_TechInsight/techinsights_html_download/html/reports/143_DEF-1801-801.html,models/def_1801_801_omnivision_ovm6946_raja.json
DEF-1801-802,Aptina,510689,DEF,optical_ready_high,72,1.1,1.5,bayer,,,,1.1,inferred_rule,gapless_ocl,1.1,inferred_rule,tin,1.1,inferred_rule,True,rgb_color_filter_proxy,common_rgb_color_resist_proxy_2026_06,0.65,inferred_proxy_default,0.8200,0.8500,0.8800,,not_found,0,,0,0,0,/Users/seongcheoljeong/Sensor_DB_TechInsight/techinsights_html_download/html/reports/144_DEF-1801-802.html,models/def_1801_802_aptina_510689.json
DEF-1802-801,ON Semi,AR0144CSSC00SUKAH3-GEVB,DEF,optical_ready_high,72,3.0,6.6,bayer,,,,3.0,inferred_rule,gapless_ocl,3.0,inferred_rule,w,3.0,inferred_rule,True,rgb_color_filter_proxy,common_rgb_color_resist_proxy_2026_06,0.65,inferred_proxy_default,0.8200,0.8500,0.8800,,not_found,0,,0,0,0,/Users/seongcheoljeong/Sensor_DB_TechInsight/techinsights_html_download_missing_def_a6pf30000000GqhAAE/html/reports/078_DEF-1802-801.html,models/def_1802_801_on_semi_ar0144cssc00sukah3_gevb.json
DEF-1802-802,Sony,IMX299CJK,DEF,optical_ready_high,72,2.4,2.1,quad_bayer,,,,4.8,inferred_rule,gapless_ocl,2.4,inferred_rule,tin,2.4,inferred_rule,True,rgb_color_filter_proxy,common_rgb_color_resist_proxy_2026_06,0.65,inferred_proxy_default,0.8200,0.8500,0.8800,,not_found,0,,0,0,0,/Users/seongcheoljeong/Sensor_DB_TechInsight/techinsights_html_download/html/reports/142_DEF-1802-802.html,models/def_1802_802_sony_imx299cjk.json
DEF-1803-805,Sony,IMX390E07,DEF,optical_ready_high,72,3.0,2.8,bayer,,,,3.0,inferred_rule,gapless_ocl,3.0,inferred_rule,tin,3.0,inferred_rule,True,rgb_color_filter_proxy,common_rgb_color_resist_proxy_2026_06,0.65,inferred_proxy_default,0.8200,0.8500,0.8800,,not_found,0,,0,0,0,/Users/seongcheoljeong/Sensor_DB_TechInsight/techinsights_html_download/html/reports/141_DEF-1803-805.html,models/def_1803_805_sony_imx390e07.json
DEF-1804-803,Sony,IMX324,DEF,optical_ready_medium,60,2.25,2.8,,,,,2.25,inferred_rule,gapless_ocl,2.25,inferred_rule,w,2.25,inferred_rule,False,unknown_cfa_pattern,common_rgb_color_resist_proxy_2026_06,0.65,inferred_proxy_default,,,,,not_found,0,,0,0,0,/Users/seongcheoljeong/Sensor_DB_TechInsight/techinsights_html_download/html/reports/140_DEF-1804-803.html,models/def_1804_803_sony_imx324.json
DEF-1805-801,SmartSens,SC130GS,DEF,optical_ready_medium,62,4.0,5.6,bayer,,,,4.0,inferred_rule,,4.0,inferred_rule,tin,4.0,inferred_rule,True,rgb_color_filter_proxy,common_rgb_color_resist_proxy_2026_06,0.65,inferred_proxy_default,0.8200,0.8500,0.8800,,not_found,0,,0,0,0,/Users/seongcheoljeong/Sensor_DB_TechInsight/techinsights_html_download/html/reports/139_DEF-1805-801.html,models/def_1805_801_smartsens_sc130gs.json
DEF-1805-803,ON Semi,AS0140,DEF,optical_ready_high,72,3.0,6.0,bayer,,,,3.0,inferred_rule,gapless_ocl,3.0,inferred_rule,tin,3.0,inferred_rule,True,rgb_color_filter_proxy,common_rgb_color_resist_proxy_2026_06,0.65,inferred_proxy_default,0.8200,0.8500,0.8800,,not_found,0,,0,0,0,/Users/seongcheoljeong/Sensor_DB_TechInsight/techinsights_html_download/html/reports/135_DEF-1805-803.html,models/def_1805_803_on_semi_as0140.json
DEF-1806-801,ON Semi,AR0430,DEF,optical_ready_high,72,2.0,1.9,bayer,,,,2.0,inferred_rule,gapless_ocl,2.0,inferred_rule,tin,2.0,inferred_rule,True,rgb_color_filter_proxy,common_rgb_color_resist_proxy_2026_06,0.65,inferred_proxy_default,0.8200,0.8500,0.8800,,not_found,0,,0,0,0,/Users/seongcheoljeong/Sensor_DB_TechInsight/techinsights_html_download/html/reports/138_DEF-1806-801.html,models/def_1806_801_on_semi_ar0430.json
DEF-1806-802,Sony,IMX410,DEF,optical_ready_high,72,6.0,8.5,bayer,,,,6.0,inferred_rule,gapless_ocl,6.0,inferred_rule,w,6.0,inferred_rule,True,rgb_color_filter_proxy,common_rgb_color_resist_proxy_2026_06,0.65,inferred_proxy_default,0.8200,0.8500,0.8800,,not_found,0,,0,0,0,/Users/seongcheoljeong/Sensor_DB_TechInsight/techinsights_html_download/html/reports/136_DEF-1806-802.html,models/def_1806_802_sony_imx410.json
DEF-1807-801,Sony,IMX307LQD-C,DEF,optical_ready_high,72,2.9,2.4,bayer,,,,2.9,inferred_rule,gapless_ocl,2.9,inferred_rule,w,2.9,inferred_rule,True,rgb_color_filter_proxy,common_rgb_color_resist_proxy_2026_06,0.65,inferred_proxy_default,0.8200,0.8500,0.8800,,not_found,0,,0,0,0,/Users/seongcheoljeong/Sensor_DB_TechInsight/techinsights_html_download/html/reports/134_DEF-1807-801.html,models/def_1807_801_sony_imx307lqd_c.json
DEF-1807-802,ON Semi,AR0522,DEF,optical_ready_high,72,2.2,1.5,bayer,,,,2.2,inferred_rule,gapless_ocl,2.2,inferred_rule,tin,2.2,inferred_rule,True,rgb_color_filter_proxy,common_rgb_color_resist_proxy_2026_06,0.65,inferred_proxy_default,0.8200,0.8500,0.8800,,not_found,0,,0,0,0,/Users/seongcheoljeong/Sensor_DB_TechInsight/techinsights_html_download/html/reports/133_DEF-1807-802.html,models/def_1807_802_on_semi_ar0522.json
DEF-1809-801,Samsung,S5K2P7,DEF,optical_ready_high,72,1.12,1.9,bayer,,,,1.12,inferred_rule,gapless_ocl,1.12,inferred_rule,w,1.12,inferred_rule,True,rgb_color_filter_proxy,common_rgb_color_resist_proxy_2026_06,0.65,inferred_proxy_default,0.8200,0.8500,0.8800,,not_found,0,,0,0,0,/Users/seongcheoljeong/Sensor_DB_TechInsight/techinsights_html_download/html/reports/132_DEF-1809-801.html,models/def_1809_801_samsung_s5k2p7.json
DEF-1809-802,Sony,IMX250MZR,DEF,optical_ready_high,72,3.45,6.7,monochrome,,,,3.45,inferred_rule,gapless_ocl,3.45,inferred_rule,tin,3.45,inferred_rule,True,clear_or_monochrome,common_rgb_color_resist_proxy_2026_06,0.65,inferred_proxy_default,,,,0.9600,not_found,0,,0,0,0,/Users/seongcheoljeong/Sensor_DB_TechInsight/techinsights_html_download/html/reports/131_DEF-1809-802.html,models/def_1809_802_sony_imx250mzr.json
DEF-1809-803,OmniVision,OV2775_CIS,DEF,optical_ready_high,72,2.8,3.5,bayer,,,,2.8,inferred_rule,gapless_ocl,2.8,inferred_rule,w,2.8,inferred_rule,True,rgb_color_filter_proxy,common_rgb_color_resist_proxy_2026_06,0.65,inferred_proxy_default,0.8200,0.8500,0.8800,,not_found,0,,0,0,0,/Users/seongcheoljeong/Sensor_DB_TechInsight/techinsights_html_download/html/reports/128_DEF-1809-803.html,models/def_1809_803_omnivision_ov2775_cis.json
DEF-1810-801,OmniVision,OS05A20,DEF,optical_ready_high,72,2.0,2.5,bayer,,,,2.0,inferred_rule,gapless_ocl,2.0,inferred_rule,tin,2.0,inferred_rule,True,rgb_color_filter_proxy,common_rgb_color_resist_proxy_2026_06,0.65,inferred_proxy_default,0.8200,0.8500,0.8800,,not_found,0,,0,0,0,/Users/seongcheoljeong/Sensor_DB_TechInsight/techinsights_html_download/html/reports/130_DEF-1810-801.html,models/def_1810_801_omnivision_os05a20.json
DEF-1810-802,Canon,LC1510_CIS,DEF,optical_ready_high,72,5.4,7.8,bayer,,,,5.4,inferred_rule,gapless_ocl,5.4,inferred_rule,tin,5.4,inferred_rule,True,rgb_color_filter_proxy,common_rgb_color_resist_proxy_2026_06,0.65,inferred_proxy_default,0.8200,0.8500,0.8800,,not_found,0,,0,0,0,/Users/seongcheoljeong/Sensor_DB_TechInsight/techinsights_html_download/html/reports/129_DEF-1810-802.html,models/def_1810_802_canon_lc1510_cis.json
DEF-1811-801,OmniVision,OV10650,DEF,optical_ready_medium,50,4.2,3.0,,,,,4.2,inferred_rule,,4.2,inferred_rule,tin,4.2,inferred_rule,False,unknown_cfa_pattern,common_rgb_color_resist_proxy_2026_06,0.65,inferred_proxy_default,,,,,not_found,0,,0,0,0,/Users/seongcheoljeong/Sensor_DB_TechInsight/techinsights_html_download/html/reports/126_DEF-1811-801.html,models/def_1811_801_omnivision_ov10650.json
DEF-1811-802,Sony,IMX309BQJ,DEF,optical_ready_high,72,4.4,6.5,bayer,,,,4.4,inferred_rule,gapless_ocl,4.4,inferred_rule,w,4.4,inferred_rule,True,rgb_color_filter_proxy,common_rgb_color_resist_proxy_2026_06,0.65,inferred_proxy_default,0.8200,0.8500,0.8800,,not_found,0,,0,0,0,/Users/seongcheoljeong/Sensor_DB_TechInsight/techinsights_html_download/html/reports/127_DEF-1811-802.html,models/def_1811_802_sony_imx309bqj.json
DEF-1901-801,ON Semi,AR0237 RGB-IR,DEF,optical_context_only,44,3.0,6.0,,,,,3.0,inferred_rule,,3.0,inferred_rule,,3.0,inferred_rule,False,unknown_cfa_pattern,common_rgb_color_resist_proxy_2026_06,0.65,inferred_proxy_default,,,,,not_found,0,,0,0,0,/Users/seongcheoljeong/Sensor_DB_TechInsight/techinsights_html_download/html/reports/124_DEF-1901-801.html,models/def_1901_801_on_semi_ar0237_rgb_ir.json
DEF-1901-803,Sony,PCT-AL10_Dual-Rear-Cam1_ISP,DEF,optical_ready_high,72,0.8,1.5,quad_bayer,,,,1.6,inferred_rule,gapless_ocl,0.8,inferred_rule,tin,0.8,inferred_rule,True,rgb_color_filter_proxy,common_rgb_color_resist_proxy_2026_06,0.65,inferred_proxy_default,0.8200,0.8500,0.8800,,not_found,0,,0,0,0,/Users/seongcheoljeong/Sensor_DB_TechInsight/techinsights_html_download_devices_a6pf30000000GqhAAE/html/reports/028_DEF-1901-803.html,models/def_1901_803_sony_pct_al10_dual_rear_cam1_isp.json
DEF-1901-804,Samsung,S5KGM1,DEF,optical_ready_high,72,0.8,1.2,tetracell_bayer,,,,1.6,inferred_rule,gapless_ocl,0.8,inferred_rule,tin,0.8,inferred_rule,True,rgb_color_filter_proxy,common_rgb_color_resist_proxy_2026_06,0.65,inferred_proxy_default,0.8200,0.8500,0.8800,,not_found,0,,0,0,0,/Users/seongcheoljeong/Sensor_DB_TechInsight/techinsights_html_download/html/reports/123_DEF-1901-804.html,models/def_1901_804_samsung_s5kgm1.json
DEF-1902-801,ON Semi,AR0233AT1B00XUEA0-DRBR-E,DEF,optical_ready_medium,60,3.0,1.7,,,,,3.0,extracted,gapless_ocl,1.5,extracted,tin,3.0,inferred_rule,False,unknown_cfa_pattern,common_rgb_color_resist_proxy_2026_06,0.65,inferred_proxy_default,,,,,not_found,0,,0,0,0,/Users/seongcheoljeong/Sensor_DB_TechInsight/techinsights_html_download/html/reports/122_DEF-1902-801.html,models/def_1902_801_on_semi_ar0233at1b00xuea0_drbr_e.json
DEF-1902-803,GPixel Inc,GMAX0505-BM,DEF,optical_ready_high,72,2.5,3.8,monochrome,,,,2.5,inferred_rule,gapless_ocl,2.5,inferred_rule,tin,2.5,inferred_rule,True,clear_or_monochrome,common_rgb_color_resist_proxy_2026_06,0.65,inferred_proxy_default,,,,0.9600,not_found,0,,0,0,0,/Users/seongcheoljeong/Sensor_DB_TechInsight/techinsights_html_download/html/reports/121_DEF-1902-803.html,models/def_1902_803_gpixel_inc_gmax0505_bm.json
DEF-1904-801,Sony,VOG-L29_Triple-Rear-Cam2-ISP,DEF,optical_ready_high,72,1.0,1.6,quad_bayer,,,,2.0,inferred_rule,gapless_ocl,1.0,inferred_rule,tin,1.0,inferred_rule,True,rgb_color_filter_proxy,common_rgb_color_resist_proxy_2026_06,0.65,inferred_proxy_default,0.8200,0.8500,0.8800,,not_found,0,,0,0,0,/Users/seongcheoljeong/Sensor_DB_TechInsight/techinsights_html_download_devices_a6pf30000000GqhAAE/html/reports/026_DEF-1904-801.html,models/def_1904_801_sony_vog_l29_triple_rear_cam2_isp.json
DEF-1905-801,Samsung,S5K3P9,DEF,optical_ready_high,72,1.0,1.6,bayer,,,,1.0,inferred_rule,gapless_ocl,1.0,inferred_rule,w,1.0,inferred_rule,True,rgb_color_filter_proxy,common_rgb_color_resist_proxy_2026_06,0.65,inferred_proxy_default,0.8200,0.8500,0.8800,,not_found,0,,0,0,0,/Users/seongcheoljeong/Sensor_DB_TechInsight/techinsights_html_download/html/reports/120_DEF-1905-801.html,models/def_1905_801_samsung_s5k3p9.json
DEF-1905-803,PMD Technologies,IRS2381C,DEF,optical_context_only,44,14.0,16.0,,,,,14.0,inferred_rule,,14.0,inferred_rule,,14.0,inferred_rule,False,unknown_cfa_pattern,common_rgb_color_resist_proxy_2026_06,0.65,inferred_proxy_default,,,,,not_found,0,,0,0,0,/Users/seongcheoljeong/Sensor_DB_TechInsight/techinsights_html_download/html/reports/119_DEF-1905-803.html,models/def_1905_803_pmd_technologies_irs2381c.json
DEF-1906-802,Samsung,S5K3J1SX03_CIS,DEF,optical_ready_high,72,1.22,1.7,bayer,,,,1.22,inferred_rule,gapless_ocl,1.22,inferred_rule,tin,1.22,inferred_rule,True,rgb_color_filter_proxy,common_rgb_color_resist_proxy_2026_06,0.65,inferred_proxy_default,0.8200,0.8500,0.8800,,not_found,0,,0,0,0,/Users/seongcheoljeong/Sensor_DB_TechInsight/techinsights_html_download/html/reports/118_DEF-1906-802.html,models/def_1906_802_samsung_s5k3j1sx03_cis.json
DEF-1907-801,Unknown,NZ1GXD,DEF,optical_ready_medium,60,2.1,2.7,,,,,2.1,inferred_rule,gapless_ocl,2.1,inferred_rule,tin,2.1,inferred_rule,False,unknown_cfa_pattern,common_rgb_color_resist_proxy_2026_06,0.65,inferred_proxy_default,,,,,not_found,0,,0,0,0,/Users/seongcheoljeong/Sensor_DB_TechInsight/techinsights_html_download/html/reports/117_DEF-1907-801.html,models/def_1907_801_unknown_nz1gxd.json
DEF-1907-803,OmniVision,OV2311,DEF,optical_ready_medium,66,3.0,4.8,monochrome,,,,3.0,inferred_rule,gapless_ocl,3.0,inferred_rule,,3.0,inferred_rule,True,clear_or_monochrome,common_rgb_color_resist_proxy_2026_06,0.65,inferred_proxy_default,,,,0.9600,not_found,0,,0,0,0,/Users/seongcheoljeong/Sensor_DB_TechInsight/techinsights_html_download/html/reports/116_DEF-1907-803.html,models/def_1907_803_omnivision_ov2311.json
DEF-1908-801,Sony,IMX374,DEF,optical_ready_high,72,1.22,1.8,bayer,,,,1.22,inferred_rule,gapless_ocl,1.22,inferred_rule,w,1.22,inferred_rule,True,rgb_color_filter_proxy,common_rgb_color_resist_proxy_2026_06,0.65,inferred_proxy_default,0.8200,0.8500,0.8800,,not_found,0,,0,0,0,/Users/seongcheoljeong/Sensor_DB_TechInsight/techinsights_html_download/html/reports/112_DEF-1908-801.html,models/def_1908_801_sony_imx374.json
DEF-1908-802,ON Semi,AR0221SR2C00SUEAH3-GEVB,DEF,optical_ready_medium,66,4.2,2.3,bayer,,,,4.2,inferred_rule,gapless_ocl,4.2,inferred_rule,,4.2,inferred_rule,True,rgb_color_filter_proxy,common_rgb_color_resist_proxy_2026_06,0.65,inferred_proxy_default,0.8200,0.8500,0.8800,,not_found,0,,0,0,0,/Users/seongcheoljeong/Sensor_DB_TechInsight/techinsights_html_download/html/reports/115_DEF-1908-802.html,models/def_1908_802_on_semi_ar0221sr2c00sueah3_gevb.json
DEF-1909-801,OmniVision,OV24A1Q,DEF,optical_ready_high,72,0.9,1.7,bayer,,,,0.9,inferred_rule,gapless_ocl,0.9,inferred_rule,w,0.9,inferred_rule,True,rgb_color_filter_proxy,common_rgb_color_resist_proxy_2026_06,0.65,inferred_proxy_default,0.8200,0.8500,0.8800,,not_found,0,,0,0,0,/Users/seongcheoljeong/Sensor_DB_TechInsight/techinsights_html_download/html/reports/113_DEF-1909-801.html,models/def_1909_801_omnivision_ov24a1q.json
DEF-1909-803,Sony,12MP Wide,DEF,optical_ready_high,72,1.4,1.8,bayer,,,,1.4,inferred_rule,gapless_ocl,1.4,inferred_rule,w,1.4,inferred_rule,True,rgb_color_filter_proxy,common_rgb_color_resist_proxy_2026_06,0.65,inferred_proxy_default,0.8200,0.8500,0.8800,,not_found,0,,0,0,0,/Users/seongcheoljeong/Sensor_DB_TechInsight/techinsights_html_download/html/reports/114_DEF-1909-803.html,models/def_1909_803_sony_12mp_wide.json
DEF-1911-802,Samsung,S5K231YX,DEF,optical_ready_medium,60,9.0,7.5,,,,,9.0,inferred_rule,ocl,9.0,inferred_rule,w,9.0,inferred_rule,False,unknown_cfa_pattern,common_rgb_color_resist_proxy_2026_06,0.65,inferred_proxy_default,,,,,not_found,0,,0,0,0,/Users/seongcheoljeong/Sensor_DB_TechInsight/techinsights_html_download_missing_def_a6pf30000000GqhAAE/html/reports/058_DEF-1911-802.html,models/def_1911_802_samsung_s5k231yx.json
DEF-1911-803,Samsung,S5KHMX,DEF,optical_ready_high,72,0.8,1.5,tetracell_bayer,,,,1.6,inferred_rule,gapless_ocl,0.8,inferred_rule,tin,0.8,inferred_rule,True,rgb_color_filter_proxy,common_rgb_color_resist_proxy_2026_06,0.65,inferred_proxy_default,0.8200,0.8500,0.8800,,not_found,0,,0,0,0,/Users/seongcheoljeong/Sensor_DB_TechInsight/techinsights_html_download/html/reports/111_DEF-1911-803.html,models/def_1911_803_samsung_s5khmx.json
DEF-1912-801,ON Semi,LI-AR0820-GMSL2_Front-Cam,DEF,optical_ready_medium,60,2.1,2.2,,,,,2.1,inferred_rule,gapless_ocl,2.1,inferred_rule,tin,2.1,inferred_rule,False,unknown_cfa_pattern,common_rgb_color_resist_proxy_2026_06,0.65,inferred_proxy_default,,,,,not_found,0,,0,0,0,/Users/seongcheoljeong/Sensor_DB_TechInsight/techinsights_html_download/html/reports/109_DEF-1912-801.html,models/def_1912_801_on_semi_li_ar0820_gmsl2_front_cam.json
DEF-2001-802,Canon,3862C002,DEF,optical_ready_medium,60,3.4,6.4,,,,,3.4,inferred_rule,gapless_ocl,3.4,inferred_rule,w,3.4,inferred_rule,False,unknown_cfa_pattern,common_rgb_color_resist_proxy_2026_06,0.65,inferred_proxy_default,,,,,not_found,0,,0,0,0,/Users/seongcheoljeong/Sensor_DB_TechInsight/techinsights_html_download/html/reports/108_DEF-2001-802.html,models/def_2001_802_canon_3862c002.json
DEF-2002-801,Samsung,S5KGH1,DEF,optical_ready_high,72,0.7,1.2,tetracell_bayer,,,,1.4,inferred_rule,gapless_ocl,0.7,inferred_rule,tin,0.7,inferred_rule,True,rgb_color_filter_proxy,common_rgb_color_resist_proxy_2026_06,0.65,inferred_proxy_default,0.8200,0.8500,0.8800,,not_found,0,,0,0,0,/Users/seongcheoljeong/Sensor_DB_TechInsight/techinsights_html_download/html/reports/107_DEF-2002-801.html,models/def_2002_801_samsung_s5kgh1.json
DEF-2002-803,Sony,SM-G986N_Triple-Rear-Cam1_ISP,DEF,optical_ready_high,88,1.8,2.2,bayer,0.515,0.45,0.58,1.8,inferred_rule,gapless_ocl,1.8,inferred_rule,tin,1.8,inferred_rule,True,rgb_color_filter_proxy,common_rgb_color_resist_proxy_2026_06,0.515,derived_from_extracted_range,0.8545,0.8792,0.9037,,not_found,0,,0,1,0,/Users/seongcheoljeong/Sensor_DB_TechInsight/techinsights_html_download_missing_def_a6pf30000000GqhAAE/html/reports/054_DEF-2002-803.html,models/def_2002_803_sony_sm_g986n_triple_rear_cam1_isp.json
DEF-2003-801,OmniVision,OV48B,DEF,optical_ready_high,88,0.8,1.4,bayer,0.585,0.52,0.65,0.8,inferred_rule,gapless_ocl,0.8,inferred_rule,tin,0.8,inferred_rule,True,rgb_color_filter_proxy,common_rgb_color_resist_proxy_2026_06,0.585,derived_from_extracted_range,0.8365,0.8640,0.8913,,not_found,0,,0,1,0,/Users/seongcheoljeong/Sensor_DB_TechInsight/techinsights_html_download/html/reports/106_DEF-2003-801.html,models/def_2003_801_omnivision_ov48b.json
DEF-2004-801,Brillnics,BRV0500,DEF,optical_ready_high,88,2.12,2.8,bayer,0.73,0.7,0.76,2.12,inferred_rule,gapless_ocl,2.12,inferred_rule,w,2.12,inferred_rule,True,rgb_color_filter_proxy,common_rgb_color_resist_proxy_2026_06,0.73,derived_from_extracted_range,0.8003,0.8332,0.8663,,not_found,0,,0,1,0,/Users/seongcheoljeong/Sensor_DB_TechInsight/techinsights_html_download/html/reports/105_DEF-2004-801.html,models/def_2004_801_brillnics_brv0500.json
DEF-2007-801,Newsight Imaging,NSI1000A0,DEF,optical_context_only,28,6.0,,,,,,6.0,inferred_rule,,6.0,inferred_rule,,6.0,inferred_rule,False,unknown_cfa_pattern,common_rgb_color_resist_proxy_2026_06,0.65,inferred_proxy_default,,,,,not_found,0,,0,0,0,/Users/seongcheoljeong/Sensor_DB_TechInsight/techinsights_html_download/html/reports/104_DEF-2007-801.html,models/def_2007_801_newsight_imaging_nsi1000a0.json
DEF-2010-804,Sony,LI-IMX415-MIPI-M12_Front-Cam,DEF,optical_ready_high,88,1.45,2.1,bayer,0.435,0.35,0.52,1.45,inferred_rule,gapless_ocl,1.45,inferred_rule,tin,1.45,inferred_rule,True,rgb_color_filter_proxy,common_rgb_color_resist_proxy_2026_06,0.435,derived_from_extracted_range,0.8757,0.8970,0.9180,,not_found,0,,0,1,0,/Users/seongcheoljeong/Sensor_DB_TechInsight/techinsights_html_download/html/reports/103_DEF-2010-804.html,models/def_2010_804_sony_li_imx415_mipi_m12_front_cam.json
DEF-2011-801,GPixel Inc,GSENSE2020BSI-ANM-NUN,DEF,optical_context_only,34,6.5,,,,,,6.5,inferred_rule,,6.5,inferred_rule,tin,6.5,inferred_rule,False,unknown_cfa_pattern,common_rgb_color_resist_proxy_2026_06,0.65,inferred_proxy_default,,,,,not_found,0,,0,0,0,/Users/seongcheoljeong/Sensor_DB_TechInsight/techinsights_html_download/html/reports/102_DEF-2011-801.html,models/def_2011_801_gpixel_inc_gsense2020bsi_anm_nun.json
DEF-2011-803,Sony,IMX510,DEF,optical_ready_high,88,8.4,6.3,quad_bayer,0.73,0.65,0.81,16.8,inferred_rule,gapless_ocl,8.4,inferred_rule,w,8.4,inferred_rule,True,rgb_color_filter_proxy,common_rgb_color_resist_proxy_2026_06,0.73,derived_from_extracted_range,0.8003,0.8332,0.8663,,not_found,0,,0,1,0,/Users/seongcheoljeong/Sensor_DB_TechInsight/techinsights_html_download/html/reports/101_DEF-2011-803.html,models/def_2011_803_sony_imx510.json
DEF-2011-804,Sony,IMX462,DEF,optical_ready_high,88,2.9,2.5,bayer,0.5,0.45,0.55,2.9,inferred_rule,gapless_ocl,2.9,inferred_rule,w,2.9,inferred_rule,True,rgb_color_filter_proxy,common_rgb_color_resist_proxy_2026_06,0.5,derived_from_extracted_range,0.8585,0.8825,0.9064,,not_found,0,,0,1,0,/Users/seongcheoljeong/Sensor_DB_TechInsight/techinsights_html_download/html/reports/100_DEF-2011-804.html,models/def_2011_804_sony_imx462.json
DEF-2012-801,OmniVision,OV64B,DEF,optical_ready_high,88,0.7,1.3,bayer,0.625,0.6,0.65,0.7,inferred_rule,gapless_ocl,0.7,inferred_rule,tin,0.7,inferred_rule,True,rgb_color_filter_proxy,common_rgb_color_resist_proxy_2026_06,0.625,derived_from_extracted_range,0.8263,0.8554,0.8844,,not_found,0,,0,1,0,/Users/seongcheoljeong/Sensor_DB_TechInsight/techinsights_html_download/html/reports/099_DEF-2012-801.html,models/def_2012_801_omnivision_ov64b.json
DEF-2012-802,Unknown,CeleX-V,DEF,optical_ready_medium,54,9.8,14.0,,,,,9.8,inferred_rule,gapless_ocl,9.8,inferred_rule,,9.8,inferred_rule,False,unknown_cfa_pattern,common_rgb_color_resist_proxy_2026_06,0.65,inferred_proxy_default,,,,,not_found,0,,0,0,0,/Users/seongcheoljeong/Sensor_DB_TechInsight/techinsights_html_download/html/reports/098_DEF-2012-802.html,models/def_2012_802_unknown_celex_v.json
DEF-2102-801,Leopard Imaging Inc,OX08A4Y-GMSL,DEF,optical_ready_high,88,2.1,1.7,bayer,0.665,0.61,0.72,2.1,inferred_rule,gapless_ocl,2.1,inferred_rule,w,2.1,inferred_rule,True,rgb_color_filter_proxy,common_rgb_color_resist_proxy_2026_06,0.665,derived_from_extracted_range,0.8163,0.8469,0.8774,,not_found,0,,0,1,0,/Users/seongcheoljeong/Sensor_DB_TechInsight/techinsights_html_download_missing_def_a6pf30000000GqhAAE/html/reports/037_DEF-2102-801.html,models/def_2102_801_leopard_imaging_inc_ox08a4y_gmsl.json
DEF-2103-801,ON Semi,MARS1-AR0234ATSMS-GEVB,DEF,optical_ready_medium,62,3.0,5.6,monochrome,,,,3.0,inferred_rule,,3.0,inferred_rule,w,3.0,inferred_rule,True,clear_or_monochrome,common_rgb_color_resist_proxy_2026_06,0.65,inferred_proxy_default,,,,0.9600,not_found,0,,0,0,0,/Users/seongcheoljeong/Sensor_DB_TechInsight/techinsights_html_download_missing_def_a6pf30000000GqhAAE/html/reports/036_DEF-2103-801.html,models/def_2103_801_on_semi_mars1_ar0234atsms_gevb.json
DEF-2103-802,STMicroelectronics,VG6640AB1M,DEF,optical_ready_high,88,3.75,4.2,bayer,0.655,0.59,0.72,3.75,inferred_rule,ocl,3.75,inferred_rule,tin,3.75,inferred_rule,True,rgb_color_filter_proxy,common_rgb_color_resist_proxy_2026_06,0.655,derived_from_extracted_range,0.8188,0.8490,0.8792,,not_found,0,,0,1,0,/Users/seongcheoljeong/Sensor_DB_TechInsight/techinsights_html_download/html/reports/097_DEF-2103-802.html,models/def_2103_802_stmicroelectronics_vg6640ab1m.json
DEF-2103-803,SmartSens,SC4335,DEF,optical_ready_high,88,2.25,4.0,bayer,0.67,0.53,0.81,2.25,inferred_rule,gapless_ocl,2.25,inferred_rule,tin,2.25,inferred_rule,True,rgb_color_filter_proxy,common_rgb_color_resist_proxy_2026_06,0.67,derived_from_extracted_range,0.8151,0.8458,0.8766,,not_found,0,,0,1,0,/Users/seongcheoljeong/Sensor_DB_TechInsight/techinsights_html_download/html/reports/095_DEF-2103-803.html,models/def_2103_803_smartsens_sc4335.json
DEF-2103-804,Samsung,S5KGN2,DEF,optical_ready_high,88,1.4,1.8,tetracell_bayer,0.43,0.42,0.44,2.8,inferred_rule,gapless_ocl,1.4,inferred_rule,tin,1.4,inferred_rule,True,rgb_color_filter_proxy,common_rgb_color_resist_proxy_2026_06,0.43,derived_from_extracted_range,0.8770,0.8981,0.9189,,not_found,0,,0,1,0,/Users/seongcheoljeong/Sensor_DB_TechInsight/techinsights_html_download/html/reports/094_DEF-2103-804.html,models/def_2103_804_samsung_s5kgn2.json
DEF-2104-801,ON Semi,ARX3A0_CIS,DEF,optical_ready_medium,60,2.2,1.4,,,,,2.2,inferred_rule,ocl,2.2,inferred_rule,tin,2.2,inferred_rule,False,unknown_cfa_pattern,common_rgb_color_resist_proxy_2026_06,0.65,inferred_proxy_default,,,,,not_found,0,,0,0,0,/Users/seongcheoljeong/Sensor_DB_TechInsight/techinsights_html_download/html/reports/092_DEF-2104-801.html,models/def_2104_801_on_semi_arx3a0_cis.json
DEF-2104-802,Sony,IMX991-AABA,DEF,optical_context_only,34,5.0,,,,,,5.0,inferred_rule,,5.0,inferred_rule,w,5.0,inferred_rule,False,unknown_cfa_pattern,common_rgb_color_resist_proxy_2026_06,0.65,inferred_proxy_default,,,,,not_found,0,,0,0,0,/Users/seongcheoljeong/Sensor_DB_TechInsight/techinsights_html_download/html/reports/096_DEF-2104-802.html,models/def_2104_802_sony_imx991_aaba.json
DEF-2105-801,Prophesee,V2M_CIS,DEF,optical_ready_medium,60,15.0,14.8,,,,,15.0,inferred_rule,ocl,15.0,inferred_rule,tin,15.0,inferred_rule,False,unknown_cfa_pattern,common_rgb_color_resist_proxy_2026_06,0.65,inferred_proxy_default,,,,,not_found,0,,0,0,0,/Users/seongcheoljeong/Sensor_DB_TechInsight/techinsights_html_download/html/reports/091_DEF-2105-801.html,models/def_2105_801_prophesee_v2m_cis.json
DEF-2107-801,Canon,LY1240_CIS,DEF,optical_ready_high,88,4.1,6.7,bayer,0.675,0.63,0.72,4.1,inferred_rule,gapless_ocl,4.1,inferred_rule,tin,4.1,inferred_rule,True,rgb_color_filter_proxy,common_rgb_color_resist_proxy_2026_06,0.675,derived_from_extracted_range,0.8138,0.8447,0.8757,,not_found,0,,0,0,0,/Users/seongcheoljeong/Sensor_DB_TechInsight/techinsights_html_download/html/reports/089_DEF-2107-801.html,models/def_2107_801_canon_ly1240_cis.json
DEF-2109-802,OmniVision,OS04C10-A43A,DEF,optical_ready_high,88,2.0,2.7,bayer,0.78,0.73,0.83,2.0,inferred_rule,gapless_ocl,2.0,inferred_rule,tin,2.0,inferred_rule,True,rgb_color_filter_proxy,common_rgb_color_resist_proxy_2026_06,0.78,derived_from_extracted_range,0.7881,0.8229,0.8578,,not_found,0,,0,1,0,/Users/seongcheoljeong/Sensor_DB_TechInsight/techinsights_html_download/html/reports/088_DEF-2109-802.html,models/def_2109_802_omnivision_os04c10_a43a.json
DEF-2110-804,SmartSens,SAV-WBCMSBML500WH_Front-Cam_CIS,DEF,optical_ready_high,88,2.0,2.3,bayer,0.65,0.62,0.68,2.0,inferred_rule,gapless_ocl,2.0,inferred_rule,w,2.0,inferred_rule,True,rgb_color_filter_proxy,common_rgb_color_resist_proxy_2026_06,0.65,derived_from_extracted_range,0.8200,0.8500,0.8800,,not_found,0,,0,1,0,/Users/seongcheoljeong/Sensor_DB_TechInsight/techinsights_html_download/html/reports/087_DEF-2110-804.html,models/def_2110_804_smartsens_sav_wbcmsbml500wh_front_cam_cis.json
DEF-2111-801,Galaxycore Inc,GC8054,DEF,optical_ready_high,88,1.12,1.7,bayer,0.61,0.56,0.66,1.12,inferred_rule,gapless_ocl,1.12,inferred_rule,w,1.12,inferred_rule,True,rgb_color_filter_proxy,common_rgb_color_resist_proxy_2026_06,0.61,derived_from_extracted_range,0.8301,0.8586,0.8870,,not_found,0,,0,1,0,/Users/seongcheoljeong/Sensor_DB_TechInsight/techinsights_html_download/html/reports/085_DEF-2111-801.html,models/def_2111_801_galaxycore_inc_gc8054.json
DEF-2111-803,Canon,LC1720_CIS,DEF,optical_ready_high,88,6.0,8.0,bayer,0.87,0.82,0.92,6.0,inferred_rule,gapless_ocl,6.0,inferred_rule,w,6.0,inferred_rule,True,rgb_color_filter_proxy,common_rgb_color_resist_proxy_2026_06,0.87,derived_from_extracted_range,0.7668,0.8046,0.8428,,not_found,0,,0,1,0,/Users/seongcheoljeong/Sensor_DB_TechInsight/techinsights_html_download/html/reports/084_DEF-2111-803.html,models/def_2111_803_canon_lc1720_cis.json
DEF-2112-801,OmniVision,0X01F10-E48Y,DEF,optical_ready_high,88,3.0,3.2,bayer,0.775,0.72,0.83,3.0,inferred_rule,gapless_ocl,3.0,inferred_rule,w,3.0,inferred_rule,True,rgb_color_filter_proxy,common_rgb_color_resist_proxy_2026_06,0.775,derived_from_extracted_range,0.7893,0.8239,0.8587,,not_found,0,,0,1,0,/Users/seongcheoljeong/Sensor_DB_TechInsight/techinsights_html_download/html/reports/083_DEF-2112-801.html,models/def_2112_801_omnivision_0x01f10_e48y.json
DEF-2201-801,OmniVision,OV60A,DEF,optical_ready_high,88,0.61,1.6,bayer,0.95,0.92,0.98,0.61,inferred_rule,gapless_ocl,0.61,inferred_rule,tin,0.61,inferred_rule,True,rgb_color_filter_proxy,common_rgb_color_resist_proxy_2026_06,0.95,derived_from_extracted_range,0.7483,0.7886,0.8296,,not_found,0,,0,1,0,/Users/seongcheoljeong/Sensor_DB_TechInsight/techinsights_html_download/html/reports/082_DEF-2201-801.html,models/def_2201_801_omnivision_ov60a.json
DEF-2201-802,OmniVision,OV50A,DEF,optical_ready_high,88,1.0,1.7,bayer,0.605,0.57,0.64,1.0,inferred_rule,gapless_ocl,1.0,inferred_rule,tin,1.0,inferred_rule,True,rgb_color_filter_proxy,common_rgb_color_resist_proxy_2026_06,0.605,derived_from_extracted_range,0.8314,0.8597,0.8879,,not_found,0,,0,1,0,/Users/seongcheoljeong/Sensor_DB_TechInsight/techinsights_html_download/html/reports/081_DEF-2201-802.html,models/def_2201_802_omnivision_ov50a.json
DEF-2201-803,Sony,IMX709,DEF,optical_ready_high,76,0.8,1.5,,0.54,0.47,0.61,0.8,inferred_rule,gapless_ocl,0.8,inferred_rule,tin,0.8,inferred_rule,False,unknown_cfa_pattern,common_rgb_color_resist_proxy_2026_06,0.54,derived_from_extracted_range,,,,,not_found,0,,0,1,0,/Users/seongcheoljeong/Sensor_DB_TechInsight/techinsights_html_download/html/reports/080_DEF-2201-803.html,models/def_2201_803_sony_imx709.json
DEF-2202-802,Sony,IMX636AAMR-ES,DEF,optical_ready_medium,60,4.86,4.2,,,,,4.86,inferred_rule,gapless_ocl,4.86,inferred_rule,tin,4.86,inferred_rule,False,unknown_cfa_pattern,common_rgb_color_resist_proxy_2026_06,0.65,inferred_proxy_default,,,,,not_found,0,,0,0,0,/Users/seongcheoljeong/Sensor_DB_TechInsight/techinsights_html_download_missing_def_a6pf30000000GqhAAE/html/reports/028_DEF-2202-802.html,models/def_2202_802_sony_imx636aamr_es.json
DEF-2203-801,SmartSens,SC410GS-CC3AF00,DEF,optical_ready_high,88,4.2,3.9,bayer,0.725,0.66,0.79,4.2,inferred_rule,gapless_ocl,4.2,inferred_rule,tin,4.2,inferred_rule,True,rgb_color_filter_proxy,common_rgb_color_resist_proxy_2026_06,0.725,derived_from_extracted_range,0.8015,0.8343,0.8671,,not_found,0,,0,1,0,/Users/seongcheoljeong/Sensor_DB_TechInsight/techinsights_html_download/html/reports/079_DEF-2203-801.html,models/def_2203_801_smartsens_sc410gs_cc3af00.json
DEF-2204-801,Nikon,Nikon Z9,DEF,optical_ready_high,88,4.35,6.4,bayer,0.88,0.88,1.0,4.35,inferred_rule,gapless_ocl,4.35,inferred_rule,tin,4.35,inferred_rule,True,rgb_color_filter_proxy,common_rgb_color_resist_proxy_2026_06,0.88,extracted,0.7645,0.8025,0.8411,,not_found,0,,0,1,0,/Users/seongcheoljeong/Sensor_DB_TechInsight/techinsights_html_download_missing_def_a6pf30000000GqhAAE/html/reports/026_DEF-2204-801.html,models/def_2204_801_nikon_nikon_z9.json
DEF-2204-803,STMicroelectronics,55G0AB,DEF,optical_ready_medium,60,2.6,4.1,,,,,2.6,inferred_rule,gapless_ocl,2.6,inferred_rule,tin,2.6,inferred_rule,False,unknown_cfa_pattern,common_rgb_color_resist_proxy_2026_06,0.65,inferred_proxy_default,,,,,not_found,0,,0,0,0,/Users/seongcheoljeong/Sensor_DB_TechInsight/techinsights_html_download/html/reports/077_DEF-2204-803.html,models/def_2204_803_stmicroelectronics_55g0ab.json
DEF-2204-804,Samsung,S5KHM6,DEF,optical_ready_high,88,0.64,1.3,bayer,0.57,0.51,0.63,0.64,inferred_rule,gapless_ocl,0.64,inferred_rule,w,0.64,inferred_rule,True,rgb_color_filter_proxy,common_rgb_color_resist_proxy_2026_06,0.57,derived_from_extracted_range,0.8403,0.8672,0.8940,,not_found,0,,0,1,0,/Users/seongcheoljeong/Sensor_DB_TechInsight/techinsights_html_download/html/reports/078_DEF-2204-804.html,models/def_2204_804_samsung_s5khm6.json
DEF-2206-801,Samsung,S5KJNVSQ_ISP,DEF,optical_ready_high,88,0.64,1.1,tetracell_bayer,0.43,0.35,0.51,1.28,extracted,gapless_ocl,0.64,extracted,tin,1.28,extracted,True,rgb_color_filter_proxy,common_rgb_color_resist_proxy_2026_06,0.43,derived_from_extracted_range,0.8770,0.8981,0.9189,,not_found,0,,0,1,0,/Users/seongcheoljeong/Sensor_DB_TechInsight/techinsights_html_download_devices_a6pf30000000GqhAAE/html/reports/017_DEF-2206-801.html,models/def_2206_801_samsung_s5kjnvsq_isp.json
DEF-2206-802,ON Semi,AR0220AT3B00XUEA0-DPBR,DEF,optical_ready_high,76,4.2,2.3,,0.64,0.58,0.7,4.2,inferred_rule,gapless_ocl,4.2,inferred_rule,tin,4.2,inferred_rule,False,unknown_cfa_pattern,common_rgb_color_resist_proxy_2026_06,0.64,derived_from_extracted_range,,,,,not_found,0,,0,1,0,/Users/seongcheoljeong/Sensor_DB_TechInsight/techinsights_html_download/html/reports/076_DEF-2206-802.html,models/def_2206_802_on_semi_ar0220at3b00xuea0_dpbr.json
DEF-2206-804,SmartSens,SC501CS,DEF,optical_ready_high,88,1.12,1.5,bayer,0.66,0.64,0.68,1.12,extracted,gapless_ocl,1.12,extracted,tin,1.12,extracted,True,rgb_color_filter_proxy,common_rgb_color_resist_proxy_2026_06,0.66,derived_from_extracted_range,0.8175,0.8479,0.8783,,not_found,0,,0,1,0,/Users/seongcheoljeong/Sensor_DB_TechInsight/techinsights_html_download/html/reports/074_DEF-2206-804.html,models/def_2206_804_smartsens_sc501cs.json
DEF-2206-805,Sony,IMX662,DEF,optical_ready_high,88,2.9,2.6,bayer,0.475,0.42,0.53,2.9,extracted,gapless_ocl,2.9,extracted,w,2.9,extracted,True,rgb_color_filter_proxy,common_rgb_color_resist_proxy_2026_06,0.475,derived_from_extracted_range,0.8650,0.8880,0.9108,,not_found,0,,0,1,0,/Users/seongcheoljeong/Sensor_DB_TechInsight/techinsights_html_download/html/reports/075_DEF-2206-805.html,models/def_2206_805_sony_imx662.json
DEF-2207-801,OmniVision,OV2K0EAA_P_CIS,DEF,optical_ready_high,88,3.0,2.6,bayer,0.75,0.69,0.81,3.0,extracted,gapless_ocl,3.0,extracted,w,3.0,extracted,True,rgb_color_filter_proxy,common_rgb_color_resist_proxy_2026_06,0.75,derived_from_extracted_range,0.7954,0.8291,0.8629,,not_found,0,,0,1,0,/Users/seongcheoljeong/Sensor_DB_TechInsight/techinsights_html_download/html/reports/073_DEF-2207-801.html,models/def_2207_801_omnivision_ov2k0eaa_p_cis.json
DEF-2207-802,Sony,IMX989,DEF,optical_ready_high,88,1.6,2.0,quad_bayer,0.555,0.54,0.57,3.2,extracted,gapless_ocl,1.6,extracted,w,1.6,extracted,True,rgb_color_filter_proxy,common_rgb_color_resist_proxy_2026_06,0.555,derived_from_extracted_range,0.8442,0.8705,0.8966,,not_found,0,,0,1,0,/Users/seongcheoljeong/Sensor_DB_TechInsight/techinsights_html_download/html/reports/070_DEF-2207-802.html,models/def_2207_802_sony_imx989.json
DEF-2208-801,Sony,IMX787,DEF,optical_ready_high,88,0.8,1.9,quad_bayer,0.57,0.54,0.6,1.6,extracted,gapless_ocl,1.6,extracted,w,1.6,extracted,True,rgb_color_filter_proxy,common_rgb_color_resist_proxy_2026_06,0.57,derived_from_extracted_range,0.8403,0.8672,0.8940,,not_found,0,,0,1,0,/Users/seongcheoljeong/Sensor_DB_TechInsight/techinsights_html_download/html/reports/069_DEF-2208-801.html,models/def_2208_801_sony_imx787.json
DEF-2208-803,Sony,IMX678AAQR1-C,DEF,optical_ready_high,88,2.0,2.4,bayer,0.43,0.29,0.57,2.0,extracted,gapless_ocl,2.0,extracted,w,2.0,extracted,True,rgb_color_filter_proxy,common_rgb_color_resist_proxy_2026_06,0.43,derived_from_extracted_range,0.8770,0.8981,0.9189,,not_found,0,,0,1,0,/Users/seongcheoljeong/Sensor_DB_TechInsight/techinsights_html_download/html/reports/071_DEF-2208-803.html,models/def_2208_803_sony_imx678aaqr1_c.json
DEF-2209-801,Samsung,HP1,DEF,optical_ready_high,88,0.64,1.1,bayer,0.385,0.33,0.44,0.64,inferred_rule,gapless_ocl,0.64,inferred_rule,tin,0.64,inferred_rule,True,rgb_color_filter_proxy,common_rgb_color_resist_proxy_2026_06,0.385,derived_from_extracted_range,0.8891,0.9083,0.9271,,not_found,0,,0,1,0,/Users/seongcheoljeong/Sensor_DB_TechInsight/techinsights_html_download/html/reports/072_DEF-2209-801.html,models/def_2209_801_samsung_hp1.json
DEF-2210-801,SmartSens,SC850SL-CSMNN00,DEF,optical_ready_high,88,2.0,2.4,bayer,0.865,0.83,0.9,2.0,inferred_rule,gapless_ocl,2.0,extracted,w,2.0,extracted,True,rgb_color_filter_proxy,common_rgb_color_resist_proxy_2026_06,0.865,derived_from_extracted_range,0.7680,0.8056,0.8436,,not_found,0,,0,1,0,/Users/seongcheoljeong/Sensor_DB_TechInsight/techinsights_html_download/html/reports/068_DEF-2210-801.html,models/def_2210_801_smartsens_sc850sl_csmnn00.json
DEF-2211-801,Stratio,BeyonSense 1,DEF,insufficient_optical_evidence,0,,,,,,,,unavailable,,,unavailable,,,unavailable,False,unknown_cfa_pattern,common_rgb_color_resist_proxy_2026_06,0.65,inferred_proxy_default,,,,,not_found,0,,0,0,0,/Users/seongcheoljeong/Sensor_DB_TechInsight/techinsights_html_download_missing_def_a6pf30000000GqhAAE/html/reports/019_DEF-2211-801.html,models/def_2211_801_stratio_beyonsense_1.json
DEF-2212-801,SmartSens,SC910GS,DEF,optical_ready_high,88,4.0,4.3,bayer,0.63,0.62,0.64,4.0,inferred_rule,gapless_ocl,4.0,inferred_rule,tin,4.0,inferred_rule,True,rgb_color_filter_proxy,common_rgb_color_resist_proxy_2026_06,0.63,derived_from_extracted_range,0.8251,0.8543,0.8835,,not_found,0,,0,1,0,/Users/seongcheoljeong/Sensor_DB_TechInsight/techinsights_html_download/html/reports/066_DEF-2212-801.html,models/def_2212_801_smartsens_sc910gs.json
DEF-2212-802,Leopard Imaging Inc,LI-IMX728-9295,DEF,optical_ready_high,88,2.1,1.9,bayer,0.51,0.48,0.54,2.1,extracted,gapless_ocl,2.1,extracted,w,2.1,extracted,True,rgb_color_filter_proxy,common_rgb_color_resist_proxy_2026_06,0.51,derived_from_extracted_range,0.8558,0.8803,0.9046,,not_found,0,,0,0,0,/Users/seongcheoljeong/Sensor_DB_TechInsight/techinsights_html_download_missing_def_a6pf30000000GqhAAE/html/reports/016_DEF-2212-802.html,models/def_2212_802_leopard_imaging_inc_li_imx728_9295.json
DEF-2212-803,Panasonic,MN34450_CIS,DEF,optical_ready_high,88,4.3,4.3,bayer,0.92,0.91,0.93,4.3,extracted,ocl,4.3,extracted,tin,4.3,extracted,True,rgb_color_filter_proxy,common_rgb_color_resist_proxy_2026_06,0.92,derived_from_extracted_range,0.7552,0.7946,0.8345,,not_found,0,,0,1,0,/Users/seongcheoljeong/Sensor_DB_TechInsight/techinsights_html_download/html/reports/064_DEF-2212-803.html,models/def_2212_803_panasonic_mn34450_cis.json
DEF-2212-804,Sony,IMX758,DEF,optical_ready_high,88,0.7,1.4,quad_bayer,0.525,0.46,0.59,1.4,extracted,gapless_ocl,0.7,extracted,w,0.7,extracted,True,rgb_color_filter_proxy,common_rgb_color_resist_proxy_2026_06,0.525,derived_from_extracted_range,0.8519,0.8770,0.9019,,not_found,0,,0,1,0,/Users/seongcheoljeong/Sensor_DB_TechInsight/techinsights_html_download/html/reports/065_DEF-2212-804.html,models/def_2212_804_sony_imx758.json
DEF-2304-801,Sony,IMX500,DEF,optical_ready_high,88,1.55,2.0,bayer,0.49,0.48,0.5,1.55,extracted,gapless_ocl,1.55,extracted,w,1.55,extracted,True,rgb_color_filter_proxy,common_rgb_color_resist_proxy_2026_06,0.49,derived_from_extracted_range,0.8611,0.8847,0.9082,,not_found,0,,0,1,0,/Users/seongcheoljeong/Sensor_DB_TechInsight/techinsights_html_download/html/reports/062_DEF-2304-801.html,models/def_2304_801_sony_imx500.json
DEF-2304-805,,,DEF,insufficient_optical_evidence,18,,,bayer,,,,,unavailable,,,unavailable,tin,,unavailable,True,rgb_color_filter_proxy,common_rgb_color_resist_proxy_2026_06,0.65,inferred_proxy_default,0.8200,0.8500,0.8800,,not_found,0,,0,0,0,/Users/seongcheoljeong/Sensor_DB_TechInsight/techinsights_html_download_missing_def_a6pf30000000GqhAAE/html/reports/011_DEF-2304-805.html,models/def_2304_805.json
DEF-2304-806,,,DEF,optical_context_only,28,1.75,,,,,,1.75,inferred_rule,,1.75,inferred_rule,,1.75,inferred_rule,False,unknown_cfa_pattern,common_rgb_color_resist_proxy_2026_06,0.65,inferred_proxy_default,,,,,not_found,0,,0,0,0,/Users/seongcheoljeong/Sensor_DB_TechInsight/techinsights_html_download_missing_def_a6pf30000000GqhAAE/html/reports/012_DEF-2304-806.html,models/def_2304_806.json
DEF-2304-807,Samsung,S5KHP3SP_CIS,DEF,optical_ready_high,88,0.56,1.5,bayer,0.69,0.66,0.72,2.24,extracted,gapless_ocl,1.12,extracted,tin,1.12,extracted,True,rgb_color_filter_proxy,common_rgb_color_resist_proxy_2026_06,0.69,derived_from_extracted_range,0.8101,0.8416,0.8731,,not_found,0,,0,1,0,/Users/seongcheoljeong/Sensor_DB_TechInsight/techinsights_html_download/html/reports/061_DEF-2304-807.html,models/def_2304_807_samsung_s5khp3sp_cis.json
DEF-2305-802,OmniVision,OS12D40-J08A-001A_CIS,DEF,optical_ready_high,88,1.4,1.7,bayer,0.66,0.64,0.68,2.8,extracted,gapless_ocl,1.4,extracted,tin,1.4,extracted,True,rgb_color_filter_proxy,common_rgb_color_resist_proxy_2026_06,0.66,derived_from_extracted_range,0.8175,0.8479,0.8783,,not_found,0,,0,1,0,/Users/seongcheoljeong/Sensor_DB_TechInsight/techinsights_html_download/html/reports/058_DEF-2305-802.html,models/def_2305_802_omnivision_os12d40_j08a_001a_cis.json
DEF-2305-803,Sony,XQ-DQ72_Dual-Rear-Cam2_CIS,DEF,optical_ready_high,88,1.12,1.6,quad_bayer,0.52,0.48,0.56,2.24,extracted,gapless_ocl,1.12,extracted,w,1.12,extracted,True,rgb_color_filter_proxy,common_rgb_color_resist_proxy_2026_06,0.52,derived_from_extracted_range,0.8532,0.8781,0.9028,,not_found,0,,0,1,0,/Users/seongcheoljeong/Sensor_DB_TechInsight/techinsights_html_download/html/reports/060_DEF-2305-803.html,models/def_2305_803_sony_xq_dq72_dual_rear_cam2_cis.json
DEF-2305-805,Sony,IMX675,DEF,optical_ready_high,88,2.0,2.3,bayer,0.425,0.32,0.53,2.0,extracted,gapless_ocl,2.0,extracted,w,2.0,extracted,True,rgb_color_filter_proxy,common_rgb_color_resist_proxy_2026_06,0.425,derived_from_extracted_range,0.8783,0.8992,0.9198,,not_found,0,,0,1,0,/Users/seongcheoljeong/Sensor_DB_TechInsight/techinsights_html_download/html/reports/057_DEF-2305-805.html,models/def_2305_805_sony_imx675.json
DEF-2306-802,Unknown,AT-OX03D4C-5183YUV-VBO_Cam,DEF,optical_ready_high,76,2.1,1.4,,0.57,0.55,0.59,2.1,extracted,gapless_ocl,0.7,extracted,w,0.7,extracted,False,unknown_cfa_pattern,common_rgb_color_resist_proxy_2026_06,0.57,derived_from_extracted_range,,,,,not_found,0,,0,1,0,/Users/seongcheoljeong/Sensor_DB_TechInsight/techinsights_html_download/html/reports/055_DEF-2306-802.html,models/def_2306_802_unknown_at_ox03d4c_5183yuv_vbo_cam.json
DEF-2306-803,Sony,IMX715,DEF,optical_ready_high,88,1.45,2.2,quad_bayer,0.43,0.38,0.48,1.45,extracted,gapless_ocl,1.45,extracted,w,1.45,extracted,True,rgb_color_filter_proxy,common_rgb_color_resist_proxy_2026_06,0.43,derived_from_extracted_range,0.8770,0.8981,0.9189,,not_found,0,,0,1,0,/Users/seongcheoljeong/Sensor_DB_TechInsight/techinsights_html_download/html/reports/054_DEF-2306-803.html,models/def_2306_803_sony_imx715.json
DEF-2307-801,SK Hynix,Hi-5021Q,DEF,optical_ready_high,72,0.7,1.4,bayer,,,,1.4,extracted,gapless_ocl,0.7,extracted,w,0.7,extracted,True,rgb_color_filter_proxy,common_rgb_color_resist_proxy_2026_06,0.65,inferred_proxy_default,0.8200,0.8500,0.8800,,not_found,0,,0,0,0,/Users/seongcheoljeong/Sensor_DB_TechInsight/techinsights_html_download/html/reports/056_DEF-2307-801.html,models/def_2307_801_sk_hynix_hi_5021q.json
DEF-2308-801,Fujifilm,X-H2s,DEF,optical_ready_high,76,3.77,6.2,,0.515,0.37,0.66,3.77,inferred_rule,gapless_ocl,3.77,extracted,w,3.77,extracted,False,unknown_cfa_pattern,common_rgb_color_resist_proxy_2026_06,0.515,derived_from_extracted_range,,,,,not_found,0,,0,1,0,/Users/seongcheoljeong/Sensor_DB_TechInsight/techinsights_html_download_missing_def_a6pf30000000GqhAAE/html/reports/007_DEF-2308-801.html,models/def_2308_801_fujifilm_x_h2s.json
DEF-2308-803,,,DEF,optical_context_only,34,11.2,,,,,,11.2,inferred_rule,,11.2,inferred_rule,tin,11.2,inferred_rule,False,unknown_cfa_pattern,common_rgb_color_resist_proxy_2026_06,0.65,inferred_proxy_default,,,,,not_found,0,,0,0,0,/Users/seongcheoljeong/Sensor_DB_TechInsight/techinsights_html_download_missing_def_a6pf30000000GqhAAE/html/reports/006_DEF-2308-803.html,models/def_2308_803.json
DEF-2308-804,Sony,IMX623,DEF,optical_ready_high,88,3.0,2.5,bayer,0.565,0.5,0.63,3.0,inferred_rule,gapless_ocl,3.0,inferred_rule,w,3.0,inferred_rule,True,rgb_color_filter_proxy,common_rgb_color_resist_proxy_2026_06,0.565,derived_from_extracted_range,0.8416,0.8683,0.8949,,not_found,0,,0,0,0,/Users/seongcheoljeong/Sensor_DB_TechInsight/techinsights_html_download/html/reports/051_DEF-2308-804.html,models/def_2308_804_sony_imx623.json
DEF-2309-801,STMicroelectronics,5940AA_CIS,DEF,optical_ready_high,76,2.25,3.5,,0.735,0.65,0.82,2.25,extracted,gapless_ocl,2.25,extracted,w,2.25,inferred_rule,False,unknown_cfa_pattern,common_rgb_color_resist_proxy_2026_06,0.735,derived_from_extracted_range,,,,,not_found,0,,0,0,0,/Users/seongcheoljeong/Sensor_DB_TechInsight/techinsights_html_download/html/reports/050_DEF-2309-801.html,models/def_2309_801_stmicroelectronics_5940aa_cis.json
DEF-2310-801,ams OSRAM,Mira050-1QM1WB_FT_SE,DEF,optical_ready_medium,60,2.79,3.0,,,,,2.79,inferred_rule,gapless_ocl,2.79,extracted,w,2.79,extracted,False,unknown_cfa_pattern,common_rgb_color_resist_proxy_2026_06,0.65,inferred_proxy_default,,,,,not_found,0,,0,0,0,/Users/seongcheoljeong/Sensor_DB_TechInsight/techinsights_html_download/html/reports/048_DEF-2310-801.html,models/def_2310_801_ams_osram_mira050_1qm1wb_ft_se.json
DEF-2310-802,ON Semi,AR0823_ISP,DEF,optical_ready_high,100,2.1,1.9,bayer,0.645,0.6,0.69,2.1,extracted,gapless_ocl,2.1,extracted,tin,2.1,inferred_rule,True,rgb_color_filter_proxy,common_rgb_color_resist_proxy_2026_06,0.645,derived_from_extracted_range,0.8213,0.8511,0.8809,,reported_qe_points,3,550nm:93%; 850nm:56%; 940nm:36%,3,1,0,/Users/seongcheoljeong/Sensor_DB_TechInsight/techinsights_html_download_devices_a6pf30000000GqhAAE/html/reports/014_DEF-2310-802.html,models/def_2310_802_on_semi_ar0823_isp.json
DEF-2310-803,Sony,IMX904,DEF,optical_ready_high,88,1.0,1.8,quad_bayer,0.555,0.52,0.59,2.0,extracted,gapless_ocl,1.0,extracted,w,1.0,extracted,True,rgb_color_filter_proxy,common_rgb_color_resist_proxy_2026_06,0.555,derived_from_extracted_range,0.8442,0.8705,0.8966,,not_found,0,,0,1,0,/Users/seongcheoljeong/Sensor_DB_TechInsight/techinsights_html_download/html/reports/049_DEF-2310-803.html,models/def_2310_803_sony_imx904.json
DEF-2312-801,Samsung,S5KGM5SX_CIS,DEF,optical_ready_high,88,0.7,1.3,bayer,0.61,0.58,0.64,1.4,extracted,gapless_ocl,0.7,extracted,tin,0.7,extracted,True,rgb_color_filter_proxy,common_rgb_color_resist_proxy_2026_06,0.61,derived_from_extracted_range,0.8301,0.8586,0.8870,,not_found,0,,0,1,0,/Users/seongcheoljeong/Sensor_DB_TechInsight/techinsights_html_download/html/reports/047_DEF-2312-801.html,models/def_2312_801_samsung_s5kgm5sx_cis.json
DEF-2312-802,SK Hynix,Hi-5022Q,DEF,optical_ready_high,88,0.64,1.4,quad_bayer,0.615,0.54,0.69,1.28,extracted,gapless_ocl,0.64,extracted,w,0.64,extracted,True,rgb_color_filter_proxy,common_rgb_color_resist_proxy_2026_06,0.615,derived_from_extracted_range,0.8289,0.8575,0.8861,,not_found,0,,0,1,0,/Users/seongcheoljeong/Sensor_DB_TechInsight/techinsights_html_download_missing_def_a6pf30000000GqhAAE/html/reports/005_DEF-2312-802.html,models/def_2312_802_sk_hynix_hi_5022q.json
DEF-2401-801,Galaxycore Inc,KJ5n_Front-Cam_CIS,DEF,optical_ready_high,88,0.7,1.4,quad_bayer,0.545,0.42,0.67,1.4,extracted,gapless_ocl,0.7,extracted,tin,0.7,extracted,True,rgb_color_filter_proxy,common_rgb_color_resist_proxy_2026_06,0.545,derived_from_extracted_range,0.8468,0.8726,0.8984,,not_found,0,,0,1,0,/Users/seongcheoljeong/Sensor_DB_TechInsight/techinsights_html_download/html/reports/046_DEF-2401-801.html,models/def_2401_801_galaxycore_inc_kj5n_front_cam_cis.json
DEF-2401-802,ON Semi,AR0341AT,DEF,optical_ready_high,88,2.1,1.8,bayer,0.6,0.53,0.67,2.1,extracted,gapless_ocl,2.1,extracted,w,2.1,inferred_rule,True,rgb_color_filter_proxy,common_rgb_color_resist_proxy_2026_06,0.6,derived_from_extracted_range,0.8327,0.8607,0.8887,,not_found,0,,0,1,0,/Users/seongcheoljeong/Sensor_DB_TechInsight/techinsights_html_download/html/reports/044_DEF-2401-802.html,models/def_2401_802_on_semi_ar0341at.json
DEF-2401-803,Prophesee,PEK3X320CDMP_Cam_CIS,DEF,optical_ready_medium,60,6.3,4.6,,,,,6.3,inferred_rule,gapless_ocl,3.15,extracted,w,6.3,inferred_rule,False,unknown_cfa_pattern,common_rgb_color_resist_proxy_2026_06,0.65,inferred_proxy_default,,,,,not_found,0,,0,0,0,/Users/seongcheoljeong/Sensor_DB_TechInsight/techinsights_html_download/html/reports/045_DEF-2401-803.html,models/def_2401_803_prophesee_pek3x320cdmp_cam_cis.json
DEF-2402-804,Canon,LI5030SAC,DEF,optical_ready_high,72,6.4,9.4,bayer,,,,6.4,extracted,gapless_ocl,6.4,extracted,tin,6.4,inferred_rule,True,rgb_color_filter_proxy,common_rgb_color_resist_proxy_2026_06,0.65,inferred_proxy_default,0.8200,0.8500,0.8800,,not_found,0,,0,0,0,/Users/seongcheoljeong/Sensor_DB_TechInsight/techinsights_html_download/html/reports/041_DEF-2402-804.html,models/def_2402_804_canon_li5030sac.json
DEF-2403-801,OmniVision,OV50H,DEF,optical_ready_high,88,1.2,2.0,bayer,0.7,0.62,0.78,2.4,extracted,gapless_ocl,2.4,extracted,tin,2.4,extracted,True,rgb_color_filter_proxy,common_rgb_color_resist_proxy_2026_06,0.7,derived_from_extracted_range,0.8076,0.8395,0.8714,,not_found,0,,0,1,0,/Users/seongcheoljeong/Sensor_DB_TechInsight/techinsights_html_download/html/reports/043_DEF-2403-801.html,models/def_2403_801_omnivision_ov50h.json
DEF-2404-802,OmniVision,OX08D10,DEF,optical_ready_high,88,2.1,2.8,bayer,0.71,0.64,0.78,2.1,extracted,gapless_ocl,2.1,extracted,w,2.1,extracted,True,rgb_color_filter_proxy,common_rgb_color_resist_proxy_2026_06,0.71,derived_from_extracted_range,0.8052,0.8374,0.8697,,not_found,0,,0,1,0,/Users/seongcheoljeong/Sensor_DB_TechInsight/techinsights_html_download/html/reports/040_DEF-2404-802.html,models/def_2404_802_omnivision_ox08d10.json
DEF-2405-801,Samsung,S5K1H1SB_CIS,DEF,optical_ready_high,88,2.1,1.8,bayer,0.52,0.46,0.58,2.1,extracted,gapless_ocl,2.1,extracted,w,2.1,extracted,True,rgb_color_filter_proxy,common_rgb_color_resist_proxy_2026_06,0.52,derived_from_extracted_range,0.8532,0.8781,0.9028,,not_found,0,,0,0,0,/Users/seongcheoljeong/Sensor_DB_TechInsight/techinsights_html_download/html/reports/037_DEF-2405-801.html,models/def_2405_801_samsung_s5k1h1sb_cis.json
DEF-2405-802,OmniVision,OV50K,DEF,optical_ready_high,88,1.2,2.4,bayer,0.725,0.68,0.77,2.4,extracted,gapless_ocl,2.4,extracted,w,2.4,extracted,True,rgb_color_filter_proxy,common_rgb_color_resist_proxy_2026_06,0.725,derived_from_extracted_range,0.8015,0.8343,0.8671,,not_found,0,,0,1,0,/Users/seongcheoljeong/Sensor_DB_TechInsight/techinsights_html_download/html/reports/039_DEF-2405-802.html,models/def_2405_802_omnivision_ov50k.json
DEF-2405-803,Sony,IMX681,DEF,optical_ready_high,88,1.0,1.7,bayer,0.63,0.58,0.68,1.0,extracted,gapless_ocl,1.0,extracted,w,1.0,extracted,True,rgb_color_filter_proxy,common_rgb_color_resist_proxy_2026_06,0.63,derived_from_extracted_range,0.8251,0.8543,0.8835,,not_found,0,,0,1,0,/Users/seongcheoljeong/Sensor_DB_TechInsight/techinsights_html_download/html/reports/038_DEF-2405-803.html,models/def_2405_803_sony_imx681.json
DEF-2407-802,SmartSens,SC100AT-CS1AF00,DEF,optical_ready_high,88,3.0,2.8,bayer,0.58,0.58,0.74,3.0,extracted,gapless_ocl,3.0,extracted,w,3.0,extracted,True,rgb_color_filter_proxy,common_rgb_color_resist_proxy_2026_06,0.58,extracted,0.8378,0.8650,0.8922,,not_found,0,,0,1,0,/Users/seongcheoljeong/Sensor_DB_TechInsight/techinsights_html_download/html/reports/035_DEF-2407-802.html,models/def_2407_802_smartsens_sc100at_cs1af00.json
DEF-2407-803,Nikon,Nikon Z6 III,DEF,optical_ready_high,88,5.9,9.2,bayer,0.97,0.97,1.1,5.9,extracted,gapless_ocl,5.9,extracted,w,5.9,extracted,True,rgb_color_filter_proxy,common_rgb_color_resist_proxy_2026_06,0.97,extracted,0.7437,0.7847,0.8264,,not_found,0,,0,1,0,/Users/seongcheoljeong/Sensor_DB_TechInsight/techinsights_html_download_missing_def_a6pf30000000GqhAAE/html/reports/004_DEF-2407-803.html,models/def_2407_803_nikon_nikon_z6_iii.json
DEF-2408-802,SmartSens,SC535HGS,DEF,optical_ready_high,76,3.4,2.4,monochrome,,,,3.4,inferred_rule,gapless_ocl,3.4,inferred_rule,w,3.4,inferred_rule,True,clear_or_monochrome,common_rgb_color_resist_proxy_2026_06,0.65,inferred_proxy_default,,,,0.9600,qualitative_only,0,,6,0,0,/Users/seongcheoljeong/Sensor_DB_TechInsight/techinsights_html_download/html/reports/034_DEF-2408-802.html,models/def_2408_802_smartsens_sc535hgs.json
DEF-2409-801,Samsung,JN5,DEF,optical_ready_high,88,0.64,1.6,bayer,0.54,0.49,0.59,1.28,extracted,gapless_ocl,1.28,extracted,tin,1.28,extracted,True,rgb_color_filter_proxy,common_rgb_color_resist_proxy_2026_06,0.54,derived_from_extracted_range,0.8480,0.8737,0.8993,,not_found,0,,0,1,0,/Users/seongcheoljeong/Sensor_DB_TechInsight/techinsights_html_download/html/reports/032_DEF-2409-801.html,models/def_2409_801_samsung_jn5.json
DEF-2409-803,Samsung,S5KGNJSP03_CIS,DEF,optical_ready_high,88,1.0,1.5,bayer,0.645,0.6,0.69,1.0,extracted,high_precision,1.0,extracted,tin,1.0,extracted,True,rgb_color_filter_proxy,common_rgb_color_resist_proxy_2026_06,0.645,derived_from_extracted_range,0.8213,0.8511,0.8809,,not_found,0,,0,1,0,/Users/seongcheoljeong/Sensor_DB_TechInsight/techinsights_html_download/html/reports/031_DEF-2409-803.html,models/def_2409_803_samsung_s5kgnjsp03_cis.json
DEF-2409-804,Sony,IMX972,DEF,optical_ready_high,88,0.7,1.5,quad_bayer,0.575,0.51,0.64,1.4,extracted,gapless_ocl,0.7,extracted,w,0.7,extracted,True,rgb_color_filter_proxy,common_rgb_color_resist_proxy_2026_06,0.575,derived_from_extracted_range,0.8390,0.8661,0.8931,,not_found,0,,0,1,0,/Users/seongcheoljeong/Sensor_DB_TechInsight/techinsights_html_download/html/reports/033_DEF-2409-804.html,models/def_2409_804_sony_imx972.json
DEF-2410-802,Sony,IMX900,DEF,optical_context_only,40,2.25,,monochrome,,,,2.25,inferred_rule,,2.25,inferred_rule,,2.25,inferred_rule,True,clear_or_monochrome,common_rgb_color_resist_proxy_2026_06,0.65,inferred_proxy_default,,,,0.9600,not_found,0,,0,0,0,/Users/seongcheoljeong/Sensor_DB_TechInsight/techinsights_html_download/html/reports/030_DEF-2410-802.html,models/def_2410_802_sony_imx900.json
DEF-2412-801,Sony,LYT-818,DEF,optical_ready_high,72,1.22,2.2,quad_bayer,,,,2.44,extracted,gapless_ocl,2.44,extracted,w,2.44,extracted,True,rgb_color_filter_proxy,common_rgb_color_resist_proxy_2026_06,0.65,inferred_proxy_default,0.8200,0.8500,0.8800,,not_found,0,,0,1,0,/Users/seongcheoljeong/Sensor_DB_TechInsight/techinsights_html_download/html/reports/026_DEF-2412-801.html,models/def_2412_801_sony_lyt_818.json
DEF-2412-802,SmartSens,PLA-AL10_Dual-Rear-Cam2-4_CIS,DEF,optical_ready_high,72,1.22,2.4,bayer,,,,1.22,inferred_rule,ocl,1.22,inferred_rule,tin,1.22,inferred_rule,True,rgb_color_filter_proxy,common_rgb_color_resist_proxy_2026_06,0.65,inferred_proxy_default,0.8200,0.8500,0.8800,,not_found,0,,0,1,0,/Users/seongcheoljeong/Sensor_DB_TechInsight/techinsights_html_download/html/reports/027_DEF-2412-802.html,models/def_2412_802_smartsens_pla_al10_dual_rear_cam2_4_cis.json
DEF-2412-803,Galaxycore Inc,PLA-AL10_Dual-Rear-Cam1-2_CIS,DEF,optical_ready_high,76,1.75,3.4,,0.85,0.85,3.4,1.75,extracted,gapless_ocl,1.75,extracted,tin,1.75,inferred_rule,False,unknown_cfa_pattern,common_rgb_color_resist_proxy_2026_06,0.85,extracted,,,,,not_found,0,,0,1,0,/Users/seongcheoljeong/Sensor_DB_TechInsight/techinsights_html_download/html/reports/028_DEF-2412-803.html,models/def_2412_803_galaxycore_inc_pla_al10_dual_rear_cam1_2_cis.json
DEF-2412-804,OPPO,Reno12,DEF,optical_ready_high,88,0.7,1.3,rggb_bayer,2.7,1.3,2.7,0.7,inferred_rule,high_precision,0.7,inferred_rule,tin,0.7,inferred_rule,True,rgb_color_filter_proxy,common_rgb_color_resist_proxy_2026_06,2.7,extracted,0.4386,0.5092,0.5881,,not_found,0,,0,1,0,/Users/seongcheoljeong/Sensor_DB_TechInsight/techinsights_html_download_missing_def_a6pf30000000GqhAAE/html/reports/002_DEF-2412-804.html,models/def_2412_804_oppo_reno12.json
DEF-2502-802,Sony,IMX487-AAMJ-C,DEF,optical_ready_high,72,2.74,3.8,monochrome,,,,2.74,inferred_rule,ocl,2.74,extracted,w,2.74,extracted,True,clear_or_monochrome,common_rgb_color_resist_proxy_2026_06,0.65,inferred_proxy_default,,,,0.9600,not_found,0,,0,0,0,/Users/seongcheoljeong/Sensor_DB_TechInsight/techinsights_html_download/html/reports/025_DEF-2502-802.html,models/def_2502_802_sony_imx487_aamj_c.json
DEF-2502-803,Melexis,MLX90632SLD-BCB-000-SP,DEF,insufficient_optical_evidence,0,,,,,,,,unavailable,,,unavailable,,,unavailable,False,unknown_cfa_pattern,common_rgb_color_resist_proxy_2026_06,0.65,inferred_proxy_default,,,,,not_found,0,,0,0,0,/Users/seongcheoljeong/Sensor_DB_TechInsight/techinsights_html_download_missing_def_a6pf30000000GqhAAE/html/reports/001_DEF-2502-803.html,models/def_2502_803_melexis_mlx90632sld_bcb_000_sp.json
DEF-2504-802,OmniVision,OX12A10,DEF,optical_ready_high,72,2.1,2.7,rggb_bayer,,,,2.1,inferred_rule,high_precision,2.1,inferred_rule,w,2.1,inferred_rule,True,rgb_color_filter_proxy,common_rgb_color_resist_proxy_2026_06,0.65,inferred_proxy_default,0.8200,0.8500,0.8800,,not_found,0,,0,1,0,/Users/seongcheoljeong/Sensor_DB_TechInsight/techinsights_html_download/html/reports/022_DEF-2504-802.html,models/def_2504_802_omnivision_ox12a10.json
DEF-2505-803,SmartSens,SC550XS,DEF,optical_ready_high,72,1.0,2.1,quad_bayer,,,,2.0,inferred_rule,gapless_ocl,1.0,inferred_rule,tin,1.0,inferred_rule,True,rgb_color_filter_proxy,common_rgb_color_resist_proxy_2026_06,0.65,inferred_proxy_default,0.8200,0.8500,0.8800,,not_found,0,,0,1,0,/Users/seongcheoljeong/Sensor_DB_TechInsight/techinsights_html_download/html/reports/024_DEF-2505-803.html,models/def_2505_803_smartsens_sc550xs.json
DEF-2506-802,Samsung,JNP (S5KJNP),DEF,optical_ready_medium,66,0.64,3.0,bayer,,,,0.64,inferred_rule,ocl,0.64,inferred_rule,,0.64,inferred_rule,True,rgb_color_filter_proxy,common_rgb_color_resist_proxy_2026_06,0.65,inferred_proxy_default,0.8200,0.8500,0.8800,,not_found,0,,0,2,0,/Users/seongcheoljeong/Sensor_DB_TechInsight/techinsights_html_download/html/reports/021_DEF-2506-802.html,models/def_2506_802_samsung_jnp_s5kjnp.json
DEF-2506-803,Sony,ISX031_CIS,DEF,optical_ready_high,88,3.0,2.6,bayer,0.58,0.51,0.65,3.0,inferred_rule,gapless_ocl,3.0,extracted,w,3.0,extracted,True,rgb_color_filter_proxy,common_rgb_color_resist_proxy_2026_06,0.58,derived_from_extracted_range,0.8378,0.8650,0.8922,,not_found,0,,0,0,0,/Users/seongcheoljeong/Sensor_DB_TechInsight/techinsights_html_download/html/reports/019_DEF-2506-803.html,models/def_2506_803_sony_isx031_cis.json
DEF-2507-801,SmartSens,SC5A5XS,DEF,optical_ready_high,92,1.6,3.2,bayer,0.54,0.54,3.2,1.6,inferred_rule,gapless_ocl,1.6,inferred_rule,tin,1.6,inferred_rule,True,rgb_color_filter_proxy,common_rgb_color_resist_proxy_2026_06,0.54,extracted,0.8480,0.8737,0.8993,,qualitative_only,0,,1,1,0,/Users/seongcheoljeong/Sensor_DB_TechInsight/techinsights_html_download/html/reports/020_DEF-2507-801.html,models/def_2507_801_smartsens_sc5a5xs.json
DEF-2508-801,Unknown,LMR-AL10_Ultra_Dual-Rear-Cam2_CIS,DEF,optical_ready_high,88,1.22,2.2,quad_bayer,0.57,0.47,0.67,2.44,extracted,gapless_ocl,2.44,extracted,w,1.22,inferred_rule,True,rgb_color_filter_proxy,common_rgb_color_resist_proxy_2026_06,0.57,derived_from_extracted_range,0.8403,0.8672,0.8940,,not_found,0,,0,1,0,/Users/seongcheoljeong/Sensor_DB_TechInsight/techinsights_html_download/html/reports/018_DEF-2508-801.html,models/def_2508_801_unknown_lmr_al10_ultra_dual_rear_cam2_cis.json
DEF-2508-802,Sony,IMX454_CIS,DEF,optical_ready_medium,60,2.9,3.5,,,,,2.9,inferred_rule,gapless_ocl,2.9,extracted,w,2.9,extracted,False,unknown_cfa_pattern,common_rgb_color_resist_proxy_2026_06,0.65,inferred_proxy_default,,,,,not_found,0,,0,1,0,/Users/seongcheoljeong/Sensor_DB_TechInsight/techinsights_html_download/html/reports/016_DEF-2508-802.html,models/def_2508_802_sony_imx454_cis.json
DEF-2509-801,OmniVision,OG05C10_CIS,DEF,optical_ready_high,92,3.45,3.6,bayer,3.6,0.68,0.87,3.45,extracted,ocl,3.45,extracted,tin,3.45,extracted,True,rgb_color_filter_proxy,common_rgb_color_resist_proxy_2026_06,3.6,extracted,0.3333,0.4066,0.4927,,qualitative_only,0,,1,1,0,/Users/seongcheoljeong/Sensor_DB_TechInsight/techinsights_html_download/html/reports/017_DEF-2509-801.html,models/def_2509_801_omnivision_og05c10_cis.json
DEF-2509-802,Sony,IMX914,DEF,optical_ready_high,88,1.0,1.8,quad_bayer,0.515,0.43,0.6,1.0,extracted,gapless_ocl,1.0,extracted,w,1.0,extracted,True,rgb_color_filter_proxy,common_rgb_color_resist_proxy_2026_06,0.515,derived_from_extracted_range,0.8545,0.8792,0.9037,,not_found,0,,0,1,0,/Users/seongcheoljeong/Sensor_DB_TechInsight/techinsights_html_download/html/reports/015_DEF-2509-802.html,models/def_2509_802_sony_imx914.json
DEF-2511-802,Samsung,HP5,DEF,optical_ready_high,76,0.5,1.5,bayer,,,,0.5,inferred_rule,high_precision,0.5,inferred_rule,tin,0.5,inferred_rule,True,rgb_color_filter_proxy,common_rgb_color_resist_proxy_2026_06,0.65,inferred_proxy_default,0.8200,0.8500,0.8800,,qualitative_only,0,,2,1,0,/Users/seongcheoljeong/Sensor_DB_TechInsight/techinsights_html_download/html/reports/014_DEF-2511-802.html,models/def_2511_802_samsung_hp5.json
DEF-2511-803,STMicroelectronics,56G812A1A_CIS,DEF,optical_ready_medium,64,2.9,2.8,,,,,2.9,inferred_rule,high_precision,2.9,inferred_rule,w,2.9,inferred_rule,False,unknown_cfa_pattern,common_rgb_color_resist_proxy_2026_06,0.65,inferred_proxy_default,,,,,qualitative_only,0,,5,0,0,/Users/seongcheoljeong/Sensor_DB_TechInsight/techinsights_html_download/html/reports/013_DEF-2511-803.html,models/def_2511_803_stmicroelectronics_56g812a1a_cis.json
DEF-2512-801,Galaxycore Inc,GC50F6,DEF,optical_ready_high,88,0.61,1.3,rggb_bayer,1.3,1.3,3.0,0.61,extracted,gapless_ocl,0.61,extracted,tin,1.22,extracted,True,rgb_color_filter_proxy,common_rgb_color_resist_proxy_2026_06,1.3,extracted,0.6725,0.7226,0.7745,,not_found,0,,0,1,0,/Users/seongcheoljeong/Sensor_DB_TechInsight/techinsights_html_download/html/reports/012_DEF-2512-801.html,models/def_2512_801_galaxycore_inc_gc50f6.json
DEF-2601-802,STMicroelectronics,55G1BA_CIS,DEF,optical_ready_high,72,2.16,3.6,monochrome,,,,2.16,inferred_rule,gapless_ocl,2.16,inferred_rule,w,2.16,inferred_rule,True,clear_or_monochrome,common_rgb_color_resist_proxy_2026_06,0.65,inferred_proxy_default,,,,0.9600,not_found,0,,0,0,0,/Users/seongcheoljeong/Sensor_DB_TechInsight/techinsights_html_download/html/reports/010_DEF-2601-802.html,models/def_2601_802_stmicroelectronics_55g1ba_cis.json
DEF-2601-804,OmniVision,OX05C1S_CIS,DEF,optical_ready_medium,60,2.2,2.6,,,,,2.2,inferred_rule,ocl,2.2,inferred_rule,w,2.2,inferred_rule,False,unknown_cfa_pattern,common_rgb_color_resist_proxy_2026_06,0.65,inferred_proxy_default,,,,,not_found,0,,0,0,0,/Users/seongcheoljeong/Sensor_DB_TechInsight/techinsights_html_download/html/reports/009_DEF-2601-804.html,models/def_2601_804_omnivision_ox05c1s_cis.json
DEF-2602-801,SmartSens,SC485SL-CS3NNH0,DEF,optical_ready_high,72,2.9,2.5,quad_bayer,,,,2.9,extracted,gapless_ocl,2.9,extracted,w,2.9,extracted,True,rgb_color_filter_proxy,common_rgb_color_resist_proxy_2026_06,0.65,inferred_proxy_default,0.8200,0.8500,0.8800,,not_found,0,,0,1,0,/Users/seongcheoljeong/Sensor_DB_TechInsight/techinsights_html_download/html/reports/008_DEF-2602-801.html,models/def_2602_801_smartsens_sc485sl_cs3nnh0.json
DEF-2603-801,Samsung,S5K931SX,DEF,optical_ready_high,76,2.2,2.7,monochrome,,,,2.2,inferred_rule,gapless_ocl,2.2,inferred_rule,w,2.2,inferred_rule,True,clear_or_monochrome,common_rgb_color_resist_proxy_2026_06,0.65,inferred_proxy_default,,,,0.9600,qualitative_only,0,,4,0,0,/Users/seongcheoljeong/Sensor_DB_TechInsight/techinsights_html_download/html/reports/006_DEF-2603-801.html,models/def_2603_801_samsung_s5k931sx.json
DEF-2603-802,OmniVision,OV50X,DEF,optical_ready_high,88,1.6,2.8,bayer,3.0,2.0,3.0,3.2,extracted,gapless_ocl,3.2,extracted,w,3.2,extracted,True,rgb_color_filter_proxy,common_rgb_color_resist_proxy_2026_06,3.0,extracted,0.4002,0.4724,0.5544,,not_found,0,,0,1,0,/Users/seongcheoljeong/Sensor_DB_TechInsight/techinsights_html_download/html/reports/007_DEF-2603-802.html,models/def_2603_802_omnivision_ov50x.json
DEF-2603-803,OmniVision,L3A_Triple-Gimbal-Cam1_CIS,DEF,optical_ready_high,88,1.45,1.9,quad_bayer,0.625,0.56,0.69,1.45,extracted,gapless_ocl,1.45,extracted,tin,1.45,extracted,True,rgb_color_filter_proxy,common_rgb_color_resist_proxy_2026_06,0.625,derived_from_extracted_range,0.8263,0.8554,0.8844,,not_found,0,,0,1,0,/Users/seongcheoljeong/Sensor_DB_TechInsight/techinsights_html_download/html/reports/005_DEF-2603-803.html,models/def_2603_803_omnivision_l3a_triple_gimbal_cam1_cis.json
DEF-2603-804,Sony,IMX775,DEF,optical_ready_high,80,2.1,2.3,,0.59,0.59,6.7,2.1,extracted,gapless_ocl,2.1,extracted,tin,2.1,extracted,False,unknown_cfa_pattern,common_rgb_color_resist_proxy_2026_06,0.59,extracted,,,,,qualitative_only,0,,7,0,0,/Users/seongcheoljeong/Sensor_DB_TechInsight/techinsights_html_download/html/reports/004_DEF-2603-804.html,models/def_2603_804_sony_imx775.json
DEF-2604-801,Sony,LYT-901,DEF,optical_ready_high,76,0.7,1.7,quad_bayer,,,,1.4,inferred_rule,gapless_ocl,0.7,inferred_rule,tin,0.7,inferred_rule,True,rgb_color_filter_proxy,common_rgb_color_resist_proxy_2026_06,0.65,inferred_proxy_default,0.8200,0.8500,0.8800,,qualitative_only,0,,2,1,0,/Users/seongcheoljeong/Sensor_DB_TechInsight/techinsights_html_download/html/reports/003_DEF-2604-801.html,models/def_2604_801_sony_lyt_901.json
DEF-2604-802,Samsung,3LD (S5K3LD),DEF,optical_ready_high,72,1.0,1.5,rggb_bayer,,,,1.0,inferred_rule,gapless_ocl,1.0,inferred_rule,tin,1.0,inferred_rule,True,rgb_color_filter_proxy,common_rgb_color_resist_proxy_2026_06,0.65,inferred_proxy_default,0.8200,0.8500,0.8800,,not_found,0,,0,1,0,/Users/seongcheoljeong/Sensor_DB_TechInsight/techinsights_html_download/html/reports/001_DEF-2604-802.html,models/def_2604_802_samsung_3ld_s5k3ld.json
DEF-2605-801,OmniVision,OV52A,DEF,optical_ready_high,88,0.61,1.6,rggb_bayer,3.0,1.6,3.0,1.22,extracted,gapless_ocl,1.22,extracted,tin,0.61,inferred_rule,True,rgb_color_filter_proxy,common_rgb_color_resist_proxy_2026_06,3.0,extracted,0.4002,0.4724,0.5544,,not_found,0,,0,1,0,/Users/seongcheoljeong/Sensor_DB_TechInsight/techinsights_html_download/html/reports/002_DEF-2605-801.html,models/def_2605_801_omnivision_ov52a.json
DEF-2606-802,OmniVision,BKQ-N49_Rear-Cam3_CIS,DEF,insufficient_optical_evidence,0,,,,,,,,unavailable,,,unavailable,,,unavailable,False,unknown_cfa_pattern,common_rgb_color_resist_proxy_2026_06,0.65,inferred_proxy_default,,,,,not_found,0,,0,0,0,/Users/seongcheoljeong/Sensor_DB_TechInsight/techinsights_html_download/html/reports/167_DEF-2606-802.html,models/def_2606_802_omnivision_bkq_n49_rear_cam3_cis.json
DEP-1804-802,STMicroelectronics,56G08A,DEP,optical_context_only,44,2.8,,,,,,2.8,inferred_rule,gapless_ocl,2.8,inferred_rule,w,2.8,inferred_rule,False,unknown_cfa_pattern,common_rgb_color_resist_proxy_2026_06,0.65,inferred_proxy_default,,,,,not_found,0,,0,0,0,/Users/seongcheoljeong/Sensor_DB_TechInsight/techinsights_html_download_dep_a6pf30000009PYHAA2/html/reports/045_DEP-1804-802.html,models/dep_1804_802_stmicroelectronics_56g08a.json
DEP-1806-801,SmartSens,SC130GS,DEP,optical_context_only,46,4.0,,bayer,,,,4.0,inferred_rule,,4.0,inferred_rule,w,4.0,inferred_rule,True,rgb_color_filter_proxy,common_rgb_color_resist_proxy_2026_06,0.65,inferred_proxy_default,0.8200,0.8500,0.8800,,not_found,0,,0,0,0,/Users/seongcheoljeong/Sensor_DB_TechInsight/techinsights_html_download_dep_a6pf30000009PYHAA2/html/reports/044_DEP-1806-801.html,models/dep_1806_801_smartsens_sc130gs.json
DEP-1810-801,OmniVision,OS05A20,DEP,optical_ready_medium,56,2.0,,bayer,,,,2.0,inferred_rule,gapless_ocl,2.0,inferred_rule,tin,2.0,inferred_rule,True,rgb_color_filter_proxy,common_rgb_color_resist_proxy_2026_06,0.65,inferred_proxy_default,0.8200,0.8500,0.8800,,not_found,0,,0,0,0,/Users/seongcheoljeong/Sensor_DB_TechInsight/techinsights_html_download_dep_a6pf30000009PYHAA2/html/reports/043_DEP-1810-801.html,models/dep_1810_801_omnivision_os05a20.json
DEP-1811-801,Sony,IMX424_CIS,DEP,optical_context_only,44,2.25,,,,,,2.25,inferred_rule,gapless_ocl,2.25,inferred_rule,w,2.25,inferred_rule,False,unknown_cfa_pattern,common_rgb_color_resist_proxy_2026_06,0.65,inferred_proxy_default,,,,,not_found,0,,0,0,0,/Users/seongcheoljeong/Sensor_DB_TechInsight/techinsights_html_download_dep_a6pf30000009PYHAA2/html/reports/042_DEP-1811-801.html,models/dep_1811_801_sony_imx424_cis.json
DEP-1811-802,Sony,IMX250MZR,DEP,optical_ready_medium,56,3.45,,monochrome,,,,3.45,inferred_rule,gapless_ocl,3.45,inferred_rule,tin,3.45,inferred_rule,True,clear_or_monochrome,common_rgb_color_resist_proxy_2026_06,0.65,inferred_proxy_default,,,,0.9600,not_found,0,,0,0,0,/Users/seongcheoljeong/Sensor_DB_TechInsight/techinsights_html_download_dep_a6pf30000009PYHAA2/html/reports/041_DEP-1811-802.html,models/dep_1811_802_sony_imx250mzr.json
DEP-1901-801,Sony,PCT-AL10_Dual-Rear-Cam1_ISP,DEP,optical_ready_medium,56,0.8,,quad_bayer,,,,1.6,inferred_rule,gapless_ocl,0.8,inferred_rule,w,0.8,inferred_rule,True,rgb_color_filter_proxy,common_rgb_color_resist_proxy_2026_06,0.65,inferred_proxy_default,0.8200,0.8500,0.8800,,not_found,0,,0,0,0,/Users/seongcheoljeong/Sensor_DB_TechInsight/techinsights_html_download_missing_dep_a6pf30000009PYHAA2/html/reports/029_DEP-1901-801.html,models/dep_1901_801_sony_pct_al10_dual_rear_cam1_isp.json
DEP-1901-802,Samsung,S5KGM1,DEP,optical_ready_medium,56,0.8,,tetracell_bayer,,,,1.6,inferred_rule,gapless_ocl,0.8,inferred_rule,tin,0.8,inferred_rule,True,rgb_color_filter_proxy,common_rgb_color_resist_proxy_2026_06,0.65,inferred_proxy_default,0.8200,0.8500,0.8800,,not_found,0,,0,0,0,/Users/seongcheoljeong/Sensor_DB_TechInsight/techinsights_html_download_dep_a6pf30000009PYHAA2/html/reports/039_DEP-1901-802.html,models/dep_1901_802_samsung_s5kgm1.json
DEP-1902-801,GPixel Inc,GMAX0505-BM,DEP,optical_ready_medium,60,2.5,3.8,,,,,2.5,inferred_rule,gapless_ocl,2.5,inferred_rule,w,2.5,inferred_rule,False,unknown_cfa_pattern,common_rgb_color_resist_proxy_2026_06,0.65,inferred_proxy_default,,,,,not_found,0,,0,0,0,/Users/seongcheoljeong/Sensor_DB_TechInsight/techinsights_html_download_dep_a6pf30000009PYHAA2/html/reports/038_DEP-1902-801.html,models/dep_1902_801_gpixel_inc_gmax0505_bm.json
DEP-1905-803,Sony,IMX362,DEP,optical_ready_medium,56,1.4,,bayer,,,,1.4,inferred_rule,gapless_ocl,1.4,inferred_rule,w,1.4,inferred_rule,True,rgb_color_filter_proxy,common_rgb_color_resist_proxy_2026_06,0.65,inferred_proxy_default,0.8200,0.8500,0.8800,,not_found,0,,0,0,0,/Users/seongcheoljeong/Sensor_DB_TechInsight/techinsights_html_download_dep_a6pf30000009PYHAA2/html/reports/037_DEP-1905-803.html,models/dep_1905_803_sony_imx362.json
DEP-1911-801,Samsung,S5K3J1SX03_CIS,DEP,optical_ready_medium,56,1.22,,bayer,,,,1.22,inferred_rule,ocl,1.22,inferred_rule,w,1.22,inferred_rule,True,rgb_color_filter_proxy,common_rgb_color_resist_proxy_2026_06,0.65,inferred_proxy_default,0.8200,0.8500,0.8800,,not_found,0,,0,0,0,/Users/seongcheoljeong/Sensor_DB_TechInsight/techinsights_html_download_dep_a6pf30000009PYHAA2/html/reports/036_DEP-1911-801.html,models/dep_1911_801_samsung_s5k3j1sx03_cis.json
DEP-1912-801,OmniVision,OV24A1Q,DEP,optical_ready_medium,56,0.9,,bayer,,,,0.9,inferred_rule,gapless_ocl,0.9,inferred_rule,w,0.9,inferred_rule,True,rgb_color_filter_proxy,common_rgb_color_resist_proxy_2026_06,0.65,inferred_proxy_default,0.8200,0.8500,0.8800,,not_found,0,,0,0,0,/Users/seongcheoljeong/Sensor_DB_TechInsight/techinsights_html_download_dep_a6pf30000009PYHAA2/html/reports/035_DEP-1912-801.html,models/dep_1912_801_omnivision_ov24a1q.json
DEP-2002-801,Samsung,S5KGH1,DEP,optical_ready_medium,56,0.7,,tetracell_bayer,,,,1.4,inferred_rule,gapless_ocl,0.7,inferred_rule,w,0.7,inferred_rule,True,rgb_color_filter_proxy,common_rgb_color_resist_proxy_2026_06,0.65,inferred_proxy_default,0.8200,0.8500,0.8800,,not_found,0,,0,0,0,/Users/seongcheoljeong/Sensor_DB_TechInsight/techinsights_html_download_dep_a6pf30000009PYHAA2/html/reports/034_DEP-2002-801.html,models/dep_2002_801_samsung_s5kgh1.json
DEP-2004-801,ON Semi,LI-AR0820-GMSL2_Front-Cam,DEP,optical_context_only,44,2.1,,,,,,2.1,inferred_rule,gapless_ocl,2.1,inferred_rule,w,2.1,inferred_rule,False,unknown_cfa_pattern,common_rgb_color_resist_proxy_2026_06,0.65,inferred_proxy_default,,,,,not_found,0,,0,0,0,/Users/seongcheoljeong/Sensor_DB_TechInsight/techinsights_html_download_dep_a6pf30000009PYHAA2/html/reports/032_DEP-2004-801.html,models/dep_2004_801_on_semi_li_ar0820_gmsl2_front_cam.json
DEP-2004-802,Sony,IMX608,DEP,optical_ready_medium,56,1.12,,quad_bayer,,,,2.24,inferred_rule,gapless_ocl,1.12,inferred_rule,w,1.12,inferred_rule,True,rgb_color_filter_proxy,common_rgb_color_resist_proxy_2026_06,0.65,inferred_proxy_default,0.8200,0.8500,0.8800,,not_found,0,,0,0,0,/Users/seongcheoljeong/Sensor_DB_TechInsight/techinsights_html_download_dep_a6pf30000009PYHAA2/html/reports/033_DEP-2004-802.html,models/dep_2004_802_sony_imx608.json
DEP-2103-801,Leopard Imaging Inc,OX08A4Y-GMSL,DEP,optical_context_only,44,2.1,,,,,,2.1,inferred_rule,gapless_ocl,2.1,inferred_rule,w,2.1,inferred_rule,False,unknown_cfa_pattern,common_rgb_color_resist_proxy_2026_06,0.65,inferred_proxy_default,,,,,not_found,0,,0,0,0,/Users/seongcheoljeong/Sensor_DB_TechInsight/techinsights_html_download_missing_dep_a6pf30000009PYHAA2/html/reports/016_DEP-2103-801.html,models/dep_2103_801_leopard_imaging_inc_ox08a4y_gmsl.json
DEP-2103-802,Leopard Imaging Inc,LI-IMX490-GW5400,DEP,optical_ready_medium,56,3.0,,bayer,,,,3.0,inferred_rule,gapless_ocl,3.0,inferred_rule,w,3.0,inferred_rule,True,rgb_color_filter_proxy,common_rgb_color_resist_proxy_2026_06,0.65,inferred_proxy_default,0.8200,0.8500,0.8800,,not_found,0,,0,0,0,/Users/seongcheoljeong/Sensor_DB_TechInsight/techinsights_html_download_missing_dep_a6pf30000009PYHAA2/html/reports/017_DEP-2103-802.html,models/dep_2103_802_leopard_imaging_inc_li_imx490_gw5400.json
DEP-2103-803,Samsung,S5K231YX,DEP,optical_context_only,44,9.0,,,,,,9.0,inferred_rule,ocl,9.0,inferred_rule,w,9.0,inferred_rule,False,unknown_cfa_pattern,common_rgb_color_resist_proxy_2026_06,0.65,inferred_proxy_default,,,,,not_found,0,,0,0,0,/Users/seongcheoljeong/Sensor_DB_TechInsight/techinsights_html_download_missing_dep_a6pf30000009PYHAA2/html/reports/018_DEP-2103-803.html,models/dep_2103_803_samsung_s5k231yx.json
DEP-2103-804,Samsung,S5KGN2,DEP,optical_ready_medium,56,1.4,,tetracell_bayer,,,,2.8,inferred_rule,gapless_ocl,1.4,inferred_rule,w,1.4,inferred_rule,True,rgb_color_filter_proxy,common_rgb_color_resist_proxy_2026_06,0.65,inferred_proxy_default,0.8200,0.8500,0.8800,,not_found,0,,0,0,0,/Users/seongcheoljeong/Sensor_DB_TechInsight/techinsights_html_download_dep_a6pf30000009PYHAA2/html/reports/030_DEP-2103-804.html,models/dep_2103_804_samsung_s5kgn2.json
DEP-2104-801,Sony,IMX991-AABA,DEP,optical_context_only,44,5.0,,,,,,5.0,inferred_rule,ocl,5.0,inferred_rule,w,5.0,inferred_rule,False,unknown_cfa_pattern,common_rgb_color_resist_proxy_2026_06,0.65,inferred_proxy_default,,,,,not_found,0,,0,0,0,/Users/seongcheoljeong/Sensor_DB_TechInsight/techinsights_html_download_dep_a6pf30000009PYHAA2/html/reports/031_DEP-2104-801.html,models/dep_2104_801_sony_imx991_aaba.json
DEP-2112-802,Canon,LC1720_CIS,DEP,optical_ready_high,72,6.0,8.0,bayer,,,,6.0,inferred_rule,gapless_ocl,6.0,inferred_rule,tin,6.0,inferred_rule,True,rgb_color_filter_proxy,common_rgb_color_resist_proxy_2026_06,0.65,inferred_proxy_default,0.8200,0.8500,0.8800,,not_found,0,,0,0,0,/Users/seongcheoljeong/Sensor_DB_TechInsight/techinsights_html_download_dep_a6pf30000009PYHAA2/html/reports/027_DEP-2112-802.html,models/dep_2112_802_canon_lc1720_cis.json
DEP-2201-801,OmniVision,OV60A,DEP,optical_ready_high,88,0.61,1.6,bayer,0.83,0.83,0.85,0.61,inferred_rule,gapless_ocl,0.61,inferred_rule,w,0.61,inferred_rule,True,rgb_color_filter_proxy,common_rgb_color_resist_proxy_2026_06,0.83,extracted,0.7762,0.8126,0.8494,,not_found,0,,0,0,0,/Users/seongcheoljeong/Sensor_DB_TechInsight/techinsights_html_download_dep_a6pf30000009PYHAA2/html/reports/028_DEP-2201-801.html,models/dep_2201_801_omnivision_ov60a.json
DEP-2202-801,Sony,IMX636AAMR-ES,DEP,optical_ready_high,72,4.86,4.2,monochrome,,,,4.86,inferred_rule,gapless_ocl,4.86,inferred_rule,w,4.86,inferred_rule,True,clear_or_monochrome,common_rgb_color_resist_proxy_2026_06,0.65,inferred_proxy_default,,,,0.9600,not_found,0,,0,0,0,/Users/seongcheoljeong/Sensor_DB_TechInsight/techinsights_html_download_missing_dep_a6pf30000009PYHAA2/html/reports/010_DEP-2202-801.html,models/dep_2202_801_sony_imx636aamr_es.json
DEP-2206-801,Sony,IMX662,DEP,optical_ready_high,88,2.9,2.6,bayer,0.5,0.5,0.55,2.9,inferred_rule,gapless_ocl,2.9,inferred_rule,w,2.9,inferred_rule,True,rgb_color_filter_proxy,common_rgb_color_resist_proxy_2026_06,0.5,extracted,0.8585,0.8825,0.9064,,not_found,0,,0,0,0,/Users/seongcheoljeong/Sensor_DB_TechInsight/techinsights_html_download_dep_a6pf30000009PYHAA2/html/reports/026_DEP-2206-801.html,models/dep_2206_801_sony_imx662.json
DEP-2207-801,STMicroelectronics,55G0AB,DEP,optical_context_only,44,2.6,,,,,,2.6,inferred_rule,gapless_ocl,2.6,inferred_rule,w,2.6,inferred_rule,False,unknown_cfa_pattern,common_rgb_color_resist_proxy_2026_06,0.65,inferred_proxy_default,,,,,not_found,0,,0,0,0,/Users/seongcheoljeong/Sensor_DB_TechInsight/techinsights_html_download_dep_a6pf30000009PYHAA2/html/reports/025_DEP-2207-801.html,models/dep_2207_801_stmicroelectronics_55g0ab.json
DEP-2209-801,Apple,iPhone 14 Pro,DEP,optical_ready_high,88,1.22,1.6,quad_bayer,0.5,0.5,0.53,2.44,inferred_rule,gapless_ocl,1.22,inferred_rule,w,1.22,inferred_rule,True,rgb_color_filter_proxy,common_rgb_color_resist_proxy_2026_06,0.5,extracted,0.8585,0.8825,0.9064,,not_found,0,,0,0,0,/Users/seongcheoljeong/Sensor_DB_TechInsight/techinsights_html_download_missing_dep_a6pf30000009PYHAA2/html/reports/009_DEP-2209-801.html,models/dep_2209_801_apple_iphone_14_pro.json
DEP-2211-801,Stratio,BeyonSense 1,DEP,insufficient_optical_evidence,10,,,,,,,,unavailable,ocl,,unavailable,,,unavailable,False,unknown_cfa_pattern,common_rgb_color_resist_proxy_2026_06,0.65,inferred_proxy_default,,,,,not_found,0,,0,0,0,/Users/seongcheoljeong/Sensor_DB_TechInsight/techinsights_html_download_missing_dep_a6pf30000009PYHAA2/html/reports/007_DEP-2211-801.html,models/dep_2211_801_stratio_beyonsense_1.json
DEP-2301-801,Sony,IMX758,DEP,optical_ready_high,72,0.7,1.4,quad_bayer,,,,1.4,inferred_rule,gapless_ocl,0.7,inferred_rule,w,0.7,inferred_rule,True,rgb_color_filter_proxy,common_rgb_color_resist_proxy_2026_06,0.65,inferred_proxy_default,0.8200,0.8500,0.8800,,not_found,0,,0,0,0,/Users/seongcheoljeong/Sensor_DB_TechInsight/techinsights_html_download_dep_a6pf30000009PYHAA2/html/reports/024_DEP-2301-801.html,models/dep_2301_801_sony_imx758.json
DEP-2304-802,Sony,LI-IMX728-9295_Front-Cam_ISP,DEP,optical_ready_medium,56,2.1,,bayer,,,,2.1,inferred_rule,gapless_ocl,2.1,inferred_rule,w,2.1,inferred_rule,True,rgb_color_filter_proxy,common_rgb_color_resist_proxy_2026_06,0.65,inferred_proxy_default,0.8200,0.8500,0.8800,,not_found,0,,0,0,0,/Users/seongcheoljeong/Sensor_DB_TechInsight/techinsights_html_download_missing_dep_a6pf30000009PYHAA2/html/reports/005_DEP-2304-802.html,models/dep_2304_802_sony_li_imx728_9295_front_cam_isp.json
DEP-2305-801,Samsung,S5KHP3SP_CIS,DEP,optical_ready_medium,56,0.56,,bayer,,,,0.56,inferred_rule,gapless_ocl,0.56,inferred_rule,w,0.56,inferred_rule,True,rgb_color_filter_proxy,common_rgb_color_resist_proxy_2026_06,0.65,inferred_proxy_default,0.8200,0.8500,0.8800,,not_found,0,,0,0,0,/Users/seongcheoljeong/Sensor_DB_TechInsight/techinsights_html_download_dep_a6pf30000009PYHAA2/html/reports/022_DEP-2305-801.html,models/dep_2305_801_samsung_s5khp3sp_cis.json
DEP-2305-802,Sony,XQ-DQ72_Dual-Rear-Cam2_CIS,DEP,optical_ready_high,72,1.12,1.8,quad_bayer,,,,2.24,extracted,gapless_ocl,1.12,inferred_rule,w,1.12,inferred_rule,True,rgb_color_filter_proxy,common_rgb_color_resist_proxy_2026_06,0.65,inferred_proxy_default,0.8200,0.8500,0.8800,,not_found,0,,0,0,0,/Users/seongcheoljeong/Sensor_DB_TechInsight/techinsights_html_download_dep_a6pf30000009PYHAA2/html/reports/023_DEP-2305-802.html,models/dep_2305_802_sony_xq_dq72_dual_rear_cam2_cis.json
DEP-2307-801,SK Hynix,Hi-5021Q,DEP,optical_ready_medium,56,0.7,,quad_bayer,,,,1.4,extracted,gapless_ocl,0.7,extracted,w,0.7,extracted,True,rgb_color_filter_proxy,common_rgb_color_resist_proxy_2026_06,0.65,inferred_proxy_default,0.8200,0.8500,0.8800,,not_found,0,,0,0,0,/Users/seongcheoljeong/Sensor_DB_TechInsight/techinsights_html_download_dep_a6pf30000009PYHAA2/html/reports/018_DEP-2307-801.html,models/dep_2307_801_sk_hynix_hi_5021q.json
DEP-2310-801,Unknown,AT-OX03D4C-5183YUV-VBO_Cam,DEP,optical_context_only,44,2.1,,,,,,2.1,inferred_rule,gapless_ocl,2.1,inferred_rule,w,2.1,inferred_rule,False,unknown_cfa_pattern,common_rgb_color_resist_proxy_2026_06,0.65,inferred_proxy_default,,,,,not_found,0,,0,0,0,/Users/seongcheoljeong/Sensor_DB_TechInsight/techinsights_html_download_dep_a6pf30000009PYHAA2/html/reports/019_DEP-2310-801.html,models/dep_2310_801_unknown_at_ox03d4c_5183yuv_vbo_cam.json
DEP-2401-801,Galaxycore Inc,KJ5n_Front-Cam_CIS,DEP,optical_ready_medium,56,0.7,,quad_bayer,,,,1.4,extracted,gapless_ocl,0.7,extracted,tin,0.7,extracted,True,rgb_color_filter_proxy,common_rgb_color_resist_proxy_2026_06,0.65,inferred_proxy_default,0.8200,0.8500,0.8800,,not_found,0,,0,0,0,/Users/seongcheoljeong/Sensor_DB_TechInsight/techinsights_html_download_dep_a6pf30000009PYHAA2/html/reports/014_DEP-2401-801.html,models/dep_2401_801_galaxycore_inc_kj5n_front_cam_cis.json
DEP-2401-802,Prophesee,PEK3X320CDMP_Cam_CIS,DEP,optical_ready_medium,56,6.3,,monochrome,,,,6.3,inferred_rule,gapless_ocl,3.15,extracted,w,6.3,inferred_rule,True,clear_or_monochrome,common_rgb_color_resist_proxy_2026_06,0.65,inferred_proxy_default,,,,0.9600,not_found,0,,0,0,0,/Users/seongcheoljeong/Sensor_DB_TechInsight/techinsights_html_download_dep_a6pf30000009PYHAA2/html/reports/017_DEP-2401-802.html,models/dep_2401_802_prophesee_pek3x320cdmp_cam_cis.json
DEP-2403-801,OmniVision,OV50H,DEP,optical_ready_medium,56,1.2,,bayer,,,,2.4,extracted,gapless_ocl,2.4,extracted,tin,2.4,extracted,True,rgb_color_filter_proxy,common_rgb_color_resist_proxy_2026_06,0.65,inferred_proxy_default,0.8200,0.8500,0.8800,,not_found,0,,0,0,0,/Users/seongcheoljeong/Sensor_DB_TechInsight/techinsights_html_download_dep_a6pf30000009PYHAA2/html/reports/016_DEP-2403-801.html,models/dep_2403_801_omnivision_ov50h.json
DEP-2405-801,Samsung,S5K1H1SB_CIS,DEP,optical_ready_high,72,2.1,1.8,bayer,,,,2.1,inferred_rule,gapless_ocl,2.1,inferred_rule,w,2.1,inferred_rule,True,rgb_color_filter_proxy,common_rgb_color_resist_proxy_2026_06,0.65,inferred_proxy_default,0.8200,0.8500,0.8800,,not_found,0,,0,0,0,/Users/seongcheoljeong/Sensor_DB_TechInsight/techinsights_html_download_dep_a6pf30000009PYHAA2/html/reports/013_DEP-2405-801.html,models/dep_2405_801_samsung_s5k1h1sb_cis.json
DEP-2407-801,SmartSens,SC100AT-CS1AF00,DEP,optical_ready_medium,56,3.0,,bayer,,,,3.0,inferred_rule,gapless_ocl,3.0,inferred_rule,w,3.0,inferred_rule,True,rgb_color_filter_proxy,common_rgb_color_resist_proxy_2026_06,0.65,inferred_proxy_default,0.8200,0.8500,0.8800,,not_found,0,,0,0,0,/Users/seongcheoljeong/Sensor_DB_TechInsight/techinsights_html_download_dep_a6pf30000009PYHAA2/html/reports/012_DEP-2407-801.html,models/dep_2407_801_smartsens_sc100at_cs1af00.json
DEP-2409-801,Samsung,S5KGNJSP03_CIS,DEP,optical_ready_medium,60,1.0,,bayer,,,,1.0,inferred_rule,high_precision,1.0,inferred_rule,w,1.0,extracted,True,rgb_color_filter_proxy,common_rgb_color_resist_proxy_2026_06,0.65,inferred_proxy_default,0.8200,0.8500,0.8800,,qualitative_only,0,,4,0,0,/Users/seongcheoljeong/Sensor_DB_TechInsight/techinsights_html_download_dep_a6pf30000009PYHAA2/html/reports/011_DEP-2409-801.html,models/dep_2409_801_samsung_s5kgnjsp03_cis.json
DEP-2411-801,OmniVision,OX08D10,DEP,optical_ready_medium,60,2.1,,,0.58,0.58,2.8,2.1,inferred_rule,ocl,2.1,inferred_rule,w,2.1,inferred_rule,False,unknown_cfa_pattern,common_rgb_color_resist_proxy_2026_06,0.58,extracted,,,,,not_found,0,,0,0,0,/Users/seongcheoljeong/Sensor_DB_TechInsight/techinsights_html_download_dep_a6pf30000009PYHAA2/html/reports/010_DEP-2411-801.html,models/dep_2411_801_omnivision_ox08d10.json
DEP-2412-801,Sony,IMX900,DEP,optical_ready_high,76,2.25,3.6,monochrome,,,,2.25,inferred_rule,gapless_ocl,2.25,inferred_rule,w,2.25,inferred_rule,True,clear_or_monochrome,common_rgb_color_resist_proxy_2026_06,0.65,inferred_proxy_default,,,,0.9600,qualitative_only,0,,1,0,0,/Users/seongcheoljeong/Sensor_DB_TechInsight/techinsights_html_download_dep_a6pf30000009PYHAA2/html/reports/009_DEP-2412-801.html,models/dep_2412_801_sony_imx900.json
DEP-2504-801,Sony,IMX487-AAMJ-C,DEP,optical_ready_high,72,2.74,3.9,monochrome,,,,2.74,inferred_rule,ocl,1.3,extracted,w,2.74,inferred_rule,True,clear_or_monochrome,common_rgb_color_resist_proxy_2026_06,0.65,inferred_proxy_default,,,,0.9600,not_found,0,,0,0,0,/Users/seongcheoljeong/Sensor_DB_TechInsight/techinsights_html_download_dep_a6pf30000009PYHAA2/html/reports/005_DEP-2504-801.html,models/dep_2504_801_sony_imx487_aamj_c.json
DEP-2505-802,SmartSens,SC550XS,DEP,optical_ready_high,92,1.0,2.1,bayer,0.63,,,2.0,extracted,gapless_ocl,2.0,extracted,tin,2.0,extracted,True,rgb_color_filter_proxy,common_rgb_color_resist_proxy_2026_06,0.63,extracted,0.8251,0.8543,0.8835,,qualitative_only,0,,2,0,0,/Users/seongcheoljeong/Sensor_DB_TechInsight/techinsights_html_download_dep_a6pf30000009PYHAA2/html/reports/007_DEP-2505-802.html,models/dep_2505_802_smartsens_sc550xs.json
DEP-2506-801,Samsung,JNP (S5KJNP),DEP,optical_ready_high,72,0.64,,bayer,0.735,0.65,0.82,0.64,inferred_rule,ocl,0.64,inferred_rule,w,0.64,inferred_rule,True,rgb_color_filter_proxy,common_rgb_color_resist_proxy_2026_06,0.735,derived_from_extracted_range,0.7990,0.8322,0.8654,,not_found,0,,0,0,0,/Users/seongcheoljeong/Sensor_DB_TechInsight/techinsights_html_download_dep_a6pf30000009PYHAA2/html/reports/004_DEP-2506-801.html,models/dep_2506_801_samsung_jnp_s5kjnp.json
DEP-2511-801,Samsung,HP5,DEP,optical_ready_high,72,0.5,1.5,bayer,,,,0.5,inferred_rule,high_precision,0.5,inferred_rule,w,0.5,inferred_rule,True,rgb_color_filter_proxy,common_rgb_color_resist_proxy_2026_06,0.65,inferred_proxy_default,0.8200,0.8500,0.8800,,not_found,0,,0,0,0,/Users/seongcheoljeong/Sensor_DB_TechInsight/techinsights_html_download_dep_a6pf30000009PYHAA2/html/reports/003_DEP-2511-801.html,models/dep_2511_801_samsung_hp5.json
DEP-2511-802,STMicroelectronics,56G812A1A_CIS,DEP,optical_ready_medium,48,2.9,,,,,,2.9,inferred_rule,high_precision,2.9,inferred_rule,w,2.9,inferred_rule,False,unknown_cfa_pattern,common_rgb_color_resist_proxy_2026_06,0.65,inferred_proxy_default,,,,,qualitative_only,0,,4,0,0,/Users/seongcheoljeong/Sensor_DB_TechInsight/techinsights_html_download_dep_a6pf30000009PYHAA2/html/reports/002_DEP-2511-802.html,models/dep_2511_802_stmicroelectronics_56g812a1a_cis.json
DEP-2602-801,OmniVision,OX05C1S_CIS,DEP,insufficient_optical_evidence,0,,,,,,,,unavailable,,,unavailable,,,unavailable,False,unknown_cfa_pattern,common_rgb_color_resist_proxy_2026_06,0.65,inferred_proxy_default,,,,,not_found,0,,0,0,0,/Users/seongcheoljeong/Sensor_DB_TechInsight/techinsights_html_download_dep_a6pf30000009PYHAA2/html/reports/046_DEP-2602-801.html,models/dep_2602_801_omnivision_ox05c1s_cis.json
DEP-2603-801,Samsung,JN5,DEP,insufficient_optical_evidence,0,,,,,,,,unavailable,,,unavailable,,,unavailable,False,unknown_cfa_pattern,common_rgb_color_resist_proxy_2026_06,0.65,inferred_proxy_default,,,,,not_found,0,,0,0,0,/Users/seongcheoljeong/Sensor_DB_TechInsight/techinsights_html_download_dep_a6pf30000009PYHAA2/html/reports/047_DEP-2603-801.html,models/dep_2603_801_samsung_jn5.json
DEP-2606-801,Sony,LYT-901,DEP,insufficient_optical_evidence,0,,,,,,,,unavailable,,,unavailable,,,unavailable,False,unknown_cfa_pattern,common_rgb_color_resist_proxy_2026_06,0.65,inferred_proxy_default,,,,,not_found,0,,0,0,0,/Users/seongcheoljeong/Sensor_DB_TechInsight/techinsights_html_download_dep_a6pf30000009PYHAA2/html/reports/048_DEP-2606-801.html,models/dep_2606_801_sony_lyt_901.json
EXR-2603-803,Ring,Wired Video Doorbell Pro (3rd Gen),EXR,optical_ready_high,72,2.0,2.5,bayer,,,,2.0,inferred_rule,ocl,2.0,inferred_rule,tin,2.0,inferred_rule,True,rgb_color_filter_proxy,common_rgb_color_resist_proxy_2026_06,0.65,inferred_proxy_default,0.8200,0.8500,0.8800,,not_found,0,,0,0,0,/Users/seongcheoljeong/Sensor_DB_TechInsight/techinsights_html_download_devices_a6pf30000000GqhAAE/html/reports/003_EXR-2603-803.html,models/exr_2603_803_ring_wired_video_doorbell_pro_3rd_gen.json
