rank,code,candidate_level,tcad_score,geometry_score,manufacturer,device_name,report_type,pixel_pitch_um,active_si_thickness_um,dti_type,dti_depth_um,dti_width_nm,transfer_gate_type,pixel_architecture,doping_table_count,doping_row_count,region_depth_count,html_snippet_count,pdf_snippet_count,source_html,source_pdf
1,DEP-2511-801,measured_doping_table,26,8,Samsung,HP5,DEP,0.5,4.0,full_depth_front_dti,4.2,95.4,dual_vertical_transfer_gate,eight_shared,2,12,20,8,0,/Users/seongcheoljeong/Sensor_DB_TechInsight/techinsights_html_download_dep_a6pf30000009PYHAA2/html/reports/003_DEP-2511-801.html,
2,DEP-2506-801,measured_doping_table,25,7,Samsung,JNP (S5KJNP),DEP,0.64,3.8,full_depth_front_dti,3.8,96.0,dual_vertical_transfer_gate,eight_shared,2,15,15,8,0,/Users/seongcheoljeong/Sensor_DB_TechInsight/techinsights_html_download_dep_a6pf30000009PYHAA2/html/reports/004_DEP-2506-801.html,
3,DEP-2504-801,measured_doping_table,25,7,Sony,IMX487-AAMJ-C,DEP,2.74,3.1,full_depth_front_dti,3.0,,vertical_transfer_gate,four_shared,2,14,18,8,0,/Users/seongcheoljeong/Sensor_DB_TechInsight/techinsights_html_download_dep_a6pf30000009PYHAA2/html/reports/005_DEP-2504-801.html,
4,DEP-2505-802,measured_doping_table,25,7,SmartSens,SC550XS,DEP,1.0,2.9,partial_depth_back_dti,0.18,180.0,,four_shared,2,14,17,8,0,/Users/seongcheoljeong/Sensor_DB_TechInsight/techinsights_html_download_dep_a6pf30000009PYHAA2/html/reports/007_DEP-2505-802.html,
5,DEP-2409-801,measured_doping_table,25,7,Samsung,S5KGNJSP03_CIS,DEP,1.0,4.2,full_depth_front_dti,4.1,87.9,dual_vertical_transfer_gate,super_qpd,1,13,20,8,0,/Users/seongcheoljeong/Sensor_DB_TechInsight/techinsights_html_download_dep_a6pf30000009PYHAA2/html/reports/011_DEP-2409-801.html,
6,DEP-2412-801,measured_doping_table,25,7,Sony,IMX900,DEP,2.25,6.0,full_depth_front_dti,1.9,185.0,,quad_pixel,2,13,18,8,0,/Users/seongcheoljeong/Sensor_DB_TechInsight/techinsights_html_download_dep_a6pf30000009PYHAA2/html/reports/009_DEP-2412-801.html,
7,DEP-2411-801,measured_doping_table,24,6,OmniVision,OX08D10,DEP,2.1,3.0,partial_depth_back_dti,2.3,190.0,,standalone,2,14,15,8,0,/Users/seongcheoljeong/Sensor_DB_TechInsight/techinsights_html_download_dep_a6pf30000009PYHAA2/html/reports/010_DEP-2411-801.html,
8,DEP-2511-802,measured_doping_table,24,6,STMicroelectronics,56G812A1A_CIS,DEP,2.9,9.7,full_depth_front_dti,0.48,480.0,,standalone,2,13,8,8,0,/Users/seongcheoljeong/Sensor_DB_TechInsight/techinsights_html_download_dep_a6pf30000009PYHAA2/html/reports/002_DEP-2511-802.html,
9,DEP-2407-801,measured_doping_table,22,4,SmartSens,SC100AT-CS1AF00,DEP,3.0,2.3,back_dti,,,,standalone,1,13,20,8,0,/Users/seongcheoljeong/Sensor_DB_TechInsight/techinsights_html_download_dep_a6pf30000009PYHAA2/html/reports/012_DEP-2407-801.html,
10,DEF-2603-801,geometry_plus_process_evidence,13,10,Samsung,S5K931SX,DEF,2.2,7.3,full_depth_front_dti,7.0,166.0,vertical_transfer_gate,standalone,0,0,0,8,0,/Users/seongcheoljeong/Sensor_DB_TechInsight/techinsights_html_download/html/reports/006_DEF-2603-801.html,
11,DEF-2509-801,region_depths_and_process_evidence,12,8,OmniVision,OG05C10_CIS,DEF,3.45,5.9,full_depth_front_dti,,240.0,,standalone,0,0,1,8,0,/Users/seongcheoljeong/Sensor_DB_TechInsight/techinsights_html_download/html/reports/017_DEF-2509-801.html,
12,DEF-2502-802,geometry_plus_process_evidence,11,8,Sony,IMX487-AAMJ-C,DEF,2.74,3.0,back_dti,,,vertical_transfer_gate,four_shared,0,0,0,8,0,/Users/seongcheoljeong/Sensor_DB_TechInsight/techinsights_html_download/html/reports/025_DEF-2502-802.html,
13,DEF-2505-803,geometry_plus_process_evidence,11,8,SmartSens,SC550XS,DEF,1.0,2.9,back_dti,2.0,,,quad_pixel,0,0,0,8,0,/Users/seongcheoljeong/Sensor_DB_TechInsight/techinsights_html_download/html/reports/024_DEF-2505-803.html,
14,DEF-2506-803,geometry_plus_process_evidence,11,8,Sony,ISX031_CIS,DEF,3.0,3.2,full_depth_front_dti,,,vertical_transfer_gate,standalone,0,0,0,8,0,/Users/seongcheoljeong/Sensor_DB_TechInsight/techinsights_html_download/html/reports/019_DEF-2506-803.html,
15,DEF-2509-802,geometry_plus_process_evidence,11,8,Sony,IMX914,DEF,1.0,3.6,full_depth_front_dti,2.4,,,quad_pixel,0,0,0,8,0,/Users/seongcheoljeong/Sensor_DB_TechInsight/techinsights_html_download/html/reports/015_DEF-2509-802.html,
16,DEF-2511-802,geometry_plus_process_evidence,11,8,Samsung,HP5,DEF,0.5,4.0,full_depth_front_dti,,,dual_vertical_transfer_gate,eight_shared,0,0,0,8,0,/Users/seongcheoljeong/Sensor_DB_TechInsight/techinsights_html_download/html/reports/014_DEF-2511-802.html,
17,DEF-2511-803,geometry_plus_process_evidence,11,8,STMicroelectronics,56G812A1A_CIS,DEF,2.9,9.7,full_depth_front_dti,9.4,,,standalone,0,0,0,8,0,/Users/seongcheoljeong/Sensor_DB_TechInsight/techinsights_html_download/html/reports/013_DEF-2511-803.html,
18,DEF-2602-801,geometry_plus_process_evidence,11,8,SmartSens,SC485SL-CS3NNH0,DEF,2.9,3.2,partial_depth_back_dti,2.4,,,quad_pixel,0,0,0,8,0,/Users/seongcheoljeong/Sensor_DB_TechInsight/techinsights_html_download/html/reports/008_DEF-2602-801.html,
19,DEF-2603-802,geometry_plus_process_evidence,11,8,OmniVision,OV50X,DEF,1.6,3.0,partial_depth_back_dti,2.0,,,quad_pixel,0,0,0,8,0,/Users/seongcheoljeong/Sensor_DB_TechInsight/techinsights_html_download/html/reports/007_DEF-2603-802.html,
20,DEF-2603-803,geometry_plus_process_evidence,11,8,OmniVision,L3A_Triple-Gimbal-Cam1_CIS,DEF,1.45,3.0,partial_depth_back_dti,1.9,,,quad_pixel,0,0,0,8,0,/Users/seongcheoljeong/Sensor_DB_TechInsight/techinsights_html_download/html/reports/005_DEF-2603-803.html,
21,DEF-2604-801,geometry_plus_process_evidence,11,8,Sony,LYT-901,DEF,0.7,4.5,partial_depth_back_dti,,,vertical_transfer_gate,quad_pixel,0,0,0,8,0,/Users/seongcheoljeong/Sensor_DB_TechInsight/techinsights_html_download/html/reports/003_DEF-2604-801.html,
22,DEF-2604-802,geometry_plus_process_evidence,11,8,Samsung,3LD (S5K3LD),DEF,1.0,3.2,full_depth_front_dti,,,dual_vertical_transfer_gate,four_shared,0,0,0,8,0,/Users/seongcheoljeong/Sensor_DB_TechInsight/techinsights_html_download/html/reports/001_DEF-2604-802.html,
23,DEF-2605-801,geometry_plus_process_evidence,11,8,OmniVision,OV52A,DEF,0.61,3.0,partial_depth_back_dti,,,vertical_transfer_gate,eight_shared,0,0,0,8,0,/Users/seongcheoljeong/Sensor_DB_TechInsight/techinsights_html_download/html/reports/002_DEF-2605-801.html,
24,DEP-2405-801,geometry_plus_process_evidence,11,8,Samsung,S5K1H1SB_CIS,DEP,2.1,2.9,full_depth_front_dti,2.6,125.0,vertical_transfer_gate,standalone,0,0,0,3,0,/Users/seongcheoljeong/Sensor_DB_TechInsight/techinsights_html_download_dep_a6pf30000009PYHAA2/html/reports/013_DEP-2405-801.html,/Users/seongcheoljeong/Sensor_DB_TechInsight/techinsights_html_download_dep_a6pf30000009PYHAA2/html/pdfs/013_DEP-2405-801/Samsung_1H1_DEP-2405-801.pdf
25,DEF-2201-801,geometry_plus_process_evidence,10,7,OmniVision,OV60A,DEF,0.61,2.9,partial_depth_back_dti,2.0,,vertical_transfer_gate,eight_shared,0,0,0,4,0,/Users/seongcheoljeong/Sensor_DB_TechInsight/techinsights_html_download/html/reports/082_DEF-2201-801.html,/Users/seongcheoljeong/Sensor_DB_TechInsight/techinsights_html_download/html/pdfs/082_DEF-2201-801/OmniVision_OV60A_CIS_Motorola_Edge_X30_DEF-2201-801.pdf
26,DEF-2412-801,geometry_plus_process_evidence,10,7,Sony,LYT-818,DEF,1.22,3.2,partial_depth_back_dti,,,,quad_pixel,0,0,0,8,0,/Users/seongcheoljeong/Sensor_DB_TechInsight/techinsights_html_download/html/reports/026_DEF-2412-801.html,
27,DEF-2412-802,geometry_plus_process_evidence,10,7,SmartSens,PLA-AL10_Dual-Rear-Cam2-4_CIS,DEF,1.22,3.1,partial_depth_back_dti,,,,four_shared,0,0,0,8,0,/Users/seongcheoljeong/Sensor_DB_TechInsight/techinsights_html_download/html/reports/027_DEF-2412-802.html,
28,DEF-2412-804,geometry_plus_process_evidence,10,7,OPPO,Reno12,DEF,0.7,2.7,partial_depth_back_dti,,,,eight_shared,0,0,0,8,0,/Users/seongcheoljeong/Sensor_DB_TechInsight/techinsights_html_download_missing_def_a6pf30000000GqhAAE/html/reports/002_DEF-2412-804.html,
29,DEF-2504-802,geometry_plus_process_evidence,10,7,OmniVision,OX12A10,DEF,2.1,3.0,partial_depth_back_dti,,,,standalone,0,0,0,8,0,/Users/seongcheoljeong/Sensor_DB_TechInsight/techinsights_html_download/html/reports/022_DEF-2504-802.html,
30,DEF-2506-802,geometry_plus_process_evidence,10,7,Samsung,JNP (S5KJNP),DEF,0.64,3.8,,,,dual_vertical_transfer_gate,eight_shared,0,0,0,8,0,/Users/seongcheoljeong/Sensor_DB_TechInsight/techinsights_html_download/html/reports/021_DEF-2506-802.html,
31,DEF-2508-801,geometry_plus_process_evidence,10,7,Unknown,LMR-AL10_Ultra_Dual-Rear-Cam2_CIS,DEF,1.22,3.1,partial_depth_back_dti,,,,quad_pixel,0,0,0,8,0,/Users/seongcheoljeong/Sensor_DB_TechInsight/techinsights_html_download/html/reports/018_DEF-2508-801.html,
32,DEF-2512-801,geometry_plus_process_evidence,10,7,Galaxycore Inc,GC50F6,DEF,0.61,3.0,partial_depth_back_dti,,,,eight_shared,0,0,0,8,0,/Users/seongcheoljeong/Sensor_DB_TechInsight/techinsights_html_download/html/reports/012_DEF-2512-801.html,
33,DEF-2601-802,geometry_plus_process_evidence,10,7,STMicroelectronics,55G1BA_CIS,DEF,2.16,5.9,full_depth_front_dti,,,,standalone,0,0,0,8,0,/Users/seongcheoljeong/Sensor_DB_TechInsight/techinsights_html_download/html/reports/010_DEF-2601-802.html,
34,DEF-2601-804,geometry_plus_process_evidence,10,7,OmniVision,OX05C1S_CIS,DEF,2.2,5.9,full_depth_front_dti,,,,two_shared,0,0,0,8,0,/Users/seongcheoljeong/Sensor_DB_TechInsight/techinsights_html_download/html/reports/009_DEF-2601-804.html,
35,DEF-2603-804,geometry_plus_process_evidence,10,7,Sony,IMX775,DEF,2.1,6.7,full_depth_front_dti,,,,standalone,0,0,0,8,0,/Users/seongcheoljeong/Sensor_DB_TechInsight/techinsights_html_download/html/reports/004_DEF-2603-804.html,
36,DEP-2103-802,geometry_plus_process_evidence,10,7,Leopard Imaging Inc,LI-IMX490-GW5400,DEP,3.0,3.1,full_depth_front_dti,2.3,175.0,vertical_transfer_gate,standalone,0,0,0,5,0,/Users/seongcheoljeong/Sensor_DB_TechInsight/techinsights_html_download_missing_dep_a6pf30000009PYHAA2/html/reports/017_DEP-2103-802.html,/Users/seongcheoljeong/Sensor_DB_TechInsight/techinsights_html_download_missing_dep_a6pf30000009PYHAA2/html/pdfs/017_DEP-2103-802/Sony IMX490_DEP-2103-802.pdf
37,DEP-2206-801,geometry_plus_process_evidence,10,7,Sony,IMX662,DEP,2.9,6.6,full_depth_front_dti,0.23,,dual_vertical_transfer_gate,standalone,0,0,0,3,0,/Users/seongcheoljeong/Sensor_DB_TechInsight/techinsights_html_download_dep_a6pf30000009PYHAA2/html/reports/026_DEP-2206-801.html,/Users/seongcheoljeong/Sensor_DB_TechInsight/techinsights_html_download_dep_a6pf30000009PYHAA2/html/pdfs/026_DEP-2206-801/Sony_IMX662_DEP-2206-801.pdf
38,DEP-2301-801,geometry_plus_process_evidence,10,7,Sony,IMX758,DEP,0.7,4.5,full_depth_front_dti,3.4,,vertical_transfer_gate,quad_pixel,0,0,0,3,0,/Users/seongcheoljeong/Sensor_DB_TechInsight/techinsights_html_download_dep_a6pf30000009PYHAA2/html/reports/024_DEP-2301-801.html,/Users/seongcheoljeong/Sensor_DB_TechInsight/techinsights_html_download_dep_a6pf30000009PYHAA2/html/pdfs/024_DEP-2301-801/Sony_IMX758_DEP-2301-801.pdf
39,DEP-2305-802,geometry_plus_process_evidence,10,7,Sony,XQ-DQ72_Dual-Rear-Cam2_CIS,DEP,1.12,4.4,full_depth_front_dti,3.9,97.0,,quad_pixel,0,0,0,4,0,/Users/seongcheoljeong/Sensor_DB_TechInsight/techinsights_html_download_dep_a6pf30000009PYHAA2/html/reports/023_DEP-2305-802.html,/Users/seongcheoljeong/Sensor_DB_TechInsight/techinsights_html_download_dep_a6pf30000009PYHAA2/html/pdfs/023_DEP-2305-802/Sony_2-Layer_Transistor_Pixel_DEP-2305-802.pdf
40,DEF-2201-802,geometry_plus_process_evidence,9,7,OmniVision,OV50A,DEF,1.0,3.0,partial_depth_back_dti,1.7,,vertical_transfer_gate,four_shared,0,0,0,2,0,/Users/seongcheoljeong/Sensor_DB_TechInsight/techinsights_html_download/html/reports/081_DEF-2201-802.html,/Users/seongcheoljeong/Sensor_DB_TechInsight/techinsights_html_download/html/pdfs/081_DEF-2201-802/OmniVision_OV50A_DEF-2201-802.pdf
41,DEF-2209-801,geometry_plus_process_evidence,9,6,Samsung,HP1,DEF,0.64,3.7,full_depth_front_dti,,,vertical_transfer_gate,four_shared,0,0,0,3,0,/Users/seongcheoljeong/Sensor_DB_TechInsight/techinsights_html_download/html/reports/072_DEF-2209-801.html,/Users/seongcheoljeong/Sensor_DB_TechInsight/techinsights_html_download/html/pdfs/072_DEF-2209-801/Samsung_S5KHP1SP_DEF-2209-801.pdf
42,DEF-2401-802,geometry_plus_process_evidence,9,6,ON Semi,AR0341AT,DEF,2.1,3.0,partial_depth_back_dti,0.6,,,standalone,0,0,0,3,0,/Users/seongcheoljeong/Sensor_DB_TechInsight/techinsights_html_download/html/reports/044_DEF-2401-802.html,/Users/seongcheoljeong/Sensor_DB_TechInsight/techinsights_html_download/html/pdfs/044_DEF-2401-802/onsemi_AR0341AT_DEF-2401-802.pdf
43,DEF-2409-801,geometry_plus_process_evidence,9,6,Samsung,JN5,DEF,0.64,3.9,full_depth_front_dti,,,dual_vertical_transfer_gate,super_qpd,0,0,0,3,0,/Users/seongcheoljeong/Sensor_DB_TechInsight/techinsights_html_download/html/reports/032_DEF-2409-801.html,/Users/seongcheoljeong/Sensor_DB_TechInsight/techinsights_html_download/html/pdfs/032_DEF-2409-801/Samsung_JN5_DEF-2409-801.pdf; /Users/seongcheoljeong/Sensor_DB_TechInsight/techinsights_html_download_img_sensor_fc_pkg_2024_2026_a6pf30000000GqhAAE/html/pdfs/035_FCS-2410-836/Summary - Samsung_JN5_DEF-2409-801.pdf
44,DEF-2409-803,geometry_plus_process_evidence,9,6,Samsung,S5KGNJSP03_CIS,DEF,1.0,4.2,full_depth_front_dti,,,dual_vertical_transfer_gate,super_qpd,0,0,0,8,0,/Users/seongcheoljeong/Sensor_DB_TechInsight/techinsights_html_download/html/reports/031_DEF-2409-803.html,/Users/seongcheoljeong/Sensor_DB_TechInsight/techinsights_html_download/html/pdfs/031_DEF-2409-803/Samsung GNJ DEF-2409-803.pdf; /Users/seongcheoljeong/Sensor_DB_TechInsight/techinsights_html_download_img_sensor_fc_pkg_2024_2026_a6pf30000000GqhAAE/html/pdfs/034_FCS-2409-838/Summary _ Samsung GNJ DEF-2409-803.pdf
45,DEF-2507-801,geometry_plus_process_evidence,9,6,SmartSens,SC5A5XS,DEF,1.6,3.0,,,,,four_shared,0,0,0,8,0,/Users/seongcheoljeong/Sensor_DB_TechInsight/techinsights_html_download/html/reports/020_DEF-2507-801.html,
46,DEF-2508-802,geometry_plus_process_evidence,9,6,Sony,IMX454_CIS,DEF,2.9,4.4,,,,,standalone,0,0,0,8,0,/Users/seongcheoljeong/Sensor_DB_TechInsight/techinsights_html_download/html/reports/016_DEF-2508-802.html,
47,DEP-1810-801,geometry_plus_process_evidence,9,6,OmniVision,OS05A20,DEP,2.0,3.6,full_depth_front_dti,2.2,190.0,,two_shared,0,0,0,3,0,/Users/seongcheoljeong/Sensor_DB_TechInsight/techinsights_html_download_dep_a6pf30000009PYHAA2/html/reports/043_DEP-1810-801.html,/Users/seongcheoljeong/Sensor_DB_TechInsight/techinsights_html_download_dep_a6pf30000009PYHAA2/html/pdfs/043_DEP-1810-801/OmniVision_OS05A20_BI_CIS_DEP-1810-801.pdf
48,DEP-2202-801,geometry_plus_process_evidence,9,6,Sony,IMX636AAMR-ES,DEP,4.86,6.8,full_depth_front_dti,0.57,,,standalone,0,0,0,3,0,/Users/seongcheoljeong/Sensor_DB_TechInsight/techinsights_html_download_missing_dep_a6pf30000009PYHAA2/html/reports/010_DEP-2202-801.html,/Users/seongcheoljeong/Sensor_DB_TechInsight/techinsights_html_download_missing_dep_a6pf30000009PYHAA2/html/pdfs/010_DEP-2202-801/Sony_IMX636_DEP-2202-801.pdf
49,DEP-2207-801,geometry_plus_process_evidence,9,6,STMicroelectronics,55G0AB,DEP,2.6,4.1,full_depth_front_dti,5.9,190.0,,standalone,0,0,0,4,0,/Users/seongcheoljeong/Sensor_DB_TechInsight/techinsights_html_download_dep_a6pf30000009PYHAA2/html/reports/025_DEP-2207-801.html,/Users/seongcheoljeong/Sensor_DB_TechInsight/techinsights_html_download_dep_a6pf30000009PYHAA2/html/pdfs/025_DEP-2207-801/STMicroelectronics_55G0AB_DEP-2207-801.pdf
50,DEP-2209-801,geometry_plus_process_evidence,9,6,Apple,iPhone 14 Pro,DEP,1.22,3.6,full_depth_front_dti,2.8,,,quad_pixel,0,0,0,7,0,/Users/seongcheoljeong/Sensor_DB_TechInsight/techinsights_html_download_missing_dep_a6pf30000009PYHAA2/html/reports/009_DEP-2209-801.html,/Users/seongcheoljeong/Sensor_DB_TechInsight/techinsights_html_download_missing_dep_a6pf30000009PYHAA2/html/pdfs/009_DEP-2209-801/Sony_iPhone 14 Pro 48MP Rear-Facing BI Stacked CIS_DEP-2209-801.pdf
51,DEP-2304-802,geometry_plus_process_evidence,9,6,Sony,LI-IMX728-9295_Front-Cam_ISP,DEP,2.1,4.1,partial_depth_back_dti,3.1,225.0,,standalone,0,0,0,3,0,/Users/seongcheoljeong/Sensor_DB_TechInsight/techinsights_html_download_missing_dep_a6pf30000009PYHAA2/html/reports/005_DEP-2304-802.html,/Users/seongcheoljeong/Sensor_DB_TechInsight/techinsights_html_download_missing_dep_a6pf30000009PYHAA2/html/pdfs/005_DEP-2304-802/Sony_IMX728_DEP-2304-802.pdf
52,EXR-2603-803,geometry_plus_process_evidence,9,6,Ring,Wired Video Doorbell Pro (3rd Gen),EXR,2.0,3.5,back_dti,,,,,0,0,0,6,0,/Users/seongcheoljeong/Sensor_DB_TechInsight/techinsights_html_download_devices_a6pf30000000GqhAAE/html/reports/003_EXR-2603-803.html,
53,DEF-1908-801,geometry_plus_process_evidence,8,6,Sony,IMX374,DEF,1.22,2.9,back_dti,2.3,,,four_shared,0,0,0,2,0,/Users/seongcheoljeong/Sensor_DB_TechInsight/techinsights_html_download/html/reports/112_DEF-1908-801.html,/Users/seongcheoljeong/Sensor_DB_TechInsight/techinsights_html_download/html/pdfs/112_DEF-1908-801/Sony_IMX374_10MP_Galaxy_S10_DEF-1908-801.pdf
54,DEF-2011-803,geometry_plus_process_evidence,8,5,Sony,IMX510,DEF,8.4,2.8,full_depth_front_dti,,,,quad_pixel,0,0,0,3,0,/Users/seongcheoljeong/Sensor_DB_TechInsight/techinsights_html_download/html/reports/101_DEF-2011-803.html,/Users/seongcheoljeong/Sensor_DB_TechInsight/techinsights_html_download/html/pdfs/101_DEF-2011-803/Sony_IMX510AQL_DEF-2011-803_WM.pdf
55,DEF-2011-804,geometry_plus_process_evidence,8,6,Sony,IMX462,DEF,2.9,6.2,full_depth_front_dti,2.0,,,standalone,0,0,0,2,0,/Users/seongcheoljeong/Sensor_DB_TechInsight/techinsights_html_download/html/reports/100_DEF-2011-804.html,/Users/seongcheoljeong/Sensor_DB_TechInsight/techinsights_html_download/html/pdfs/100_DEF-2011-804/Sony_IMX462_DEF-2011-804.pdf
56,DEF-2012-801,geometry_plus_process_evidence,8,7,OmniVision,OV64B,DEF,0.7,3.0,partial_depth_back_dti,1.9,,vertical_transfer_gate,four_shared,0,0,0,1,0,/Users/seongcheoljeong/Sensor_DB_TechInsight/techinsights_html_download/html/reports/099_DEF-2012-801.html,/Users/seongcheoljeong/Sensor_DB_TechInsight/techinsights_html_download/html/pdfs/099_DEF-2012-801/OmniVision_OV64B_DEF-2012-801.pdf
57,DEF-2103-804,geometry_plus_process_evidence,8,6,Samsung,S5KGN2,DEF,1.4,2.8,full_depth_front_dti,2.3,,,dual_pixel,0,0,0,2,0,/Users/seongcheoljeong/Sensor_DB_TechInsight/techinsights_html_download/html/reports/094_DEF-2103-804.html,/Users/seongcheoljeong/Sensor_DB_TechInsight/techinsights_html_download/html/pdfs/094_DEF-2103-804/Samsung_S5KGN2SP_DEF-2103-804.pdf
58,DEF-2203-801,geometry_plus_process_evidence,8,6,SmartSens,SC410GS-CC3AF00,DEF,4.2,2.4,partial_depth_back_dti,1.6,,,standalone,0,0,0,2,0,/Users/seongcheoljeong/Sensor_DB_TechInsight/techinsights_html_download/html/reports/079_DEF-2203-801.html,/Users/seongcheoljeong/Sensor_DB_TechInsight/techinsights_html_download/html/pdfs/079_DEF-2203-801/SmartSens_SC410GS_DEF-2203-801.pdf
59,DEF-2204-803,geometry_plus_process_evidence,8,7,STMicroelectronics,55G0AB,DEF,2.6,5.9,full_depth_front_dti,5.9,210.0,,standalone,0,0,0,1,0,/Users/seongcheoljeong/Sensor_DB_TechInsight/techinsights_html_download/html/reports/077_DEF-2204-803.html,/Users/seongcheoljeong/Sensor_DB_TechInsight/techinsights_html_download/html/pdfs/077_DEF-2204-803/STMicroelectronics_55G0AB_DEF-2204-803.pdf
60,DEF-2208-803,geometry_plus_process_evidence,8,6,Sony,IMX678AAQR1-C,DEF,2.0,6.1,full_depth_front_dti,,,vertical_transfer_gate,standalone,0,0,0,2,0,/Users/seongcheoljeong/Sensor_DB_TechInsight/techinsights_html_download/html/reports/071_DEF-2208-803.html,/Users/seongcheoljeong/Sensor_DB_TechInsight/techinsights_html_download/html/pdfs/071_DEF-2208-803/Sony_IMX678_DEF-2208-803.pdf
61,DEF-2212-804,geometry_plus_process_evidence,8,6,Sony,IMX758,DEF,0.7,4.5,full_depth_front_dti,,,vertical_transfer_gate,quad_pixel,0,0,0,2,0,/Users/seongcheoljeong/Sensor_DB_TechInsight/techinsights_html_download/html/reports/065_DEF-2212-804.html,/Users/seongcheoljeong/Sensor_DB_TechInsight/techinsights_html_download/html/pdfs/065_DEF-2212-804/Sony_IMX758_DEF-2212-804.pdf
62,DEF-2305-803,geometry_plus_process_evidence,8,5,Sony,XQ-DQ72_Dual-Rear-Cam2_CIS,DEF,1.12,4.4,back_dti,,,,quad_pixel,0,0,0,4,0,/Users/seongcheoljeong/Sensor_DB_TechInsight/techinsights_html_download/html/reports/060_DEF-2305-803.html,/Users/seongcheoljeong/Sensor_DB_TechInsight/techinsights_html_download/html/pdfs/060_DEF-2305-803/Sony_XQ-DQ72_Dual-Rear-Cam2_ExmorT_DEF-2305-803.pdf
63,DEF-2309-801,geometry_plus_process_evidence,8,7,STMicroelectronics,5940AA_CIS,DEF,2.25,5.6,full_depth_front_dti,5.6,240.0,,standalone,0,0,0,1,0,/Users/seongcheoljeong/Sensor_DB_TechInsight/techinsights_html_download/html/reports/050_DEF-2309-801.html,/Users/seongcheoljeong/Sensor_DB_TechInsight/techinsights_html_download/html/pdfs/050_DEF-2309-801/STMicroelectronics_VB1940_DEF-2309-801.pdf
64,DEF-2310-802,geometry_plus_process_evidence,8,6,ON Semi,AR0823_ISP,DEF,2.1,3.1,partial_depth_back_dti,1.4,,,standalone,0,0,0,2,0,/Users/seongcheoljeong/Sensor_DB_TechInsight/techinsights_html_download_devices_a6pf30000000GqhAAE/html/reports/014_DEF-2310-802.html,/Users/seongcheoljeong/Sensor_DB_TechInsight/techinsights_html_download_devices_a6pf30000000GqhAAE/html/pdfs/014_DEF-2310-802/onsemi_AR0823AT_DEF-2310-802.pdf
65,DEF-2310-803,geometry_plus_process_evidence,8,5,Sony,IMX904,DEF,1.0,4.3,full_depth_front_dti,,,,quad_pixel,0,0,0,3,0,/Users/seongcheoljeong/Sensor_DB_TechInsight/techinsights_html_download/html/reports/049_DEF-2310-803.html,/Users/seongcheoljeong/Sensor_DB_TechInsight/techinsights_html_download/html/pdfs/049_DEF-2310-803/Sony_A2846_Dual-Rear-Cam2_ExmorT_DEF-2310-803.pdf
66,DEF-2412-803,geometry_plus_process_evidence,8,5,Galaxycore Inc,PLA-AL10_Dual-Rear-Cam1-2_CIS,DEF,1.75,,,,,,two_shared,0,0,0,8,0,/Users/seongcheoljeong/Sensor_DB_TechInsight/techinsights_html_download/html/reports/028_DEF-2412-803.html,
67,DEP-1901-801,geometry_plus_process_evidence,8,5,Sony,PCT-AL10_Dual-Rear-Cam1_ISP,DEP,0.8,3.6,full_depth_front_dti,,75.0,,quad_pixel,0,0,0,4,0,/Users/seongcheoljeong/Sensor_DB_TechInsight/techinsights_html_download_missing_dep_a6pf30000009PYHAA2/html/reports/029_DEP-1901-801.html,/Users/seongcheoljeong/Sensor_DB_TechInsight/techinsights_html_download_missing_dep_a6pf30000009PYHAA2/html/pdfs/029_DEP-1901-801/Sony_IMX586_BI_Stacked_CIS_DEP-1901-801.pdf
68,DEP-1901-802,geometry_plus_process_evidence,8,5,Samsung,S5KGM1,DEP,0.8,3.7,full_depth_front_dti,,,vertical_transfer_gate,four_shared,0,0,0,3,0,/Users/seongcheoljeong/Sensor_DB_TechInsight/techinsights_html_download_dep_a6pf30000009PYHAA2/html/reports/039_DEP-1901-802.html,/Users/seongcheoljeong/Sensor_DB_TechInsight/techinsights_html_download_dep_a6pf30000009PYHAA2/html/pdfs/039_DEP-1901-802/Samsung_S5KGM1SP_BI_CIS_DEP-1901-802.pdf
69,DEP-2103-801,geometry_plus_process_evidence,8,5,Leopard Imaging Inc,OX08A4Y-GMSL,DEP,2.1,2.9,partial_depth_back_dti,0.19,,,four_shared,0,0,0,4,0,/Users/seongcheoljeong/Sensor_DB_TechInsight/techinsights_html_download_missing_dep_a6pf30000009PYHAA2/html/reports/016_DEP-2103-801.html,/Users/seongcheoljeong/Sensor_DB_TechInsight/techinsights_html_download_missing_dep_a6pf30000009PYHAA2/html/pdfs/016_DEP-2103-801/OmniVision_OX08A_DEP-2103-801.pdf
70,DEP-2103-804,geometry_plus_process_evidence,8,5,Samsung,S5KGN2,DEP,1.4,2.8,full_depth_front_dti,2.3,,,dual_pixel,0,0,0,3,0,/Users/seongcheoljeong/Sensor_DB_TechInsight/techinsights_html_download_dep_a6pf30000009PYHAA2/html/reports/030_DEP-2103-804.html,/Users/seongcheoljeong/Sensor_DB_TechInsight/techinsights_html_download_dep_a6pf30000009PYHAA2/html/pdfs/030_DEP-2103-804/Samsung_S5KGN2SP_DEP-2103-804.pdf
71,DEP-2112-802,geometry_plus_process_evidence,8,5,Canon,LC1720_CIS,DEP,6.0,3.1,full_depth_front_dti,,,,standalone,0,0,0,4,0,/Users/seongcheoljeong/Sensor_DB_TechInsight/techinsights_html_download_dep_a6pf30000009PYHAA2/html/reports/027_DEP-2112-802.html,/Users/seongcheoljeong/Sensor_DB_TechInsight/techinsights_html_download_dep_a6pf30000009PYHAA2/html/pdfs/027_DEP-2112-802/Canon_LC1720_DEP-2112-802.pdf
72,DEP-2201-801,geometry_plus_process_evidence,8,5,OmniVision,OV60A,DEP,0.61,2.9,partial_depth_back_dti,,,,eight_shared,0,0,0,3,0,/Users/seongcheoljeong/Sensor_DB_TechInsight/techinsights_html_download_dep_a6pf30000009PYHAA2/html/reports/028_DEP-2201-801.html,/Users/seongcheoljeong/Sensor_DB_TechInsight/techinsights_html_download_dep_a6pf30000009PYHAA2/html/pdfs/028_DEP-2201-801/OmniVision_OV60A_DEP-2201-801.pdf
73,DEP-2305-801,geometry_plus_process_evidence,8,5,Samsung,S5KHP3SP_CIS,DEP,0.56,4.1,full_depth_front_dti,,,vertical_transfer_gate,quad_pixel,0,0,0,6,0,/Users/seongcheoljeong/Sensor_DB_TechInsight/techinsights_html_download_dep_a6pf30000009PYHAA2/html/reports/022_DEP-2305-801.html,/Users/seongcheoljeong/Sensor_DB_TechInsight/techinsights_html_download_dep_a6pf30000009PYHAA2/html/pdfs/022_DEP-2305-801/Samsung_S5KHP3SP_DEP-2305-801.pdf
74,DEP-2307-801,geometry_plus_process_evidence,8,5,SK Hynix,Hi-5021Q,DEP,0.7,3.6,partial_depth_back_dti,3.0,,,quad_pixel,0,0,0,6,0,/Users/seongcheoljeong/Sensor_DB_TechInsight/techinsights_html_download_dep_a6pf30000009PYHAA2/html/reports/018_DEP-2307-801.html,/Users/seongcheoljeong/Sensor_DB_TechInsight/techinsights_html_download_dep_a6pf30000009PYHAA2/html/pdfs/018_DEP-2307-801/SK_hynix_Hi-5021Q_DEP-2307-801.pdf
75,DEP-2310-801,geometry_plus_process_evidence,8,5,Unknown,AT-OX03D4C-5183YUV-VBO_Cam,DEP,2.1,2.9,partial_depth_back_dti,,,vertical_transfer_gate,standalone,0,0,0,3,0,/Users/seongcheoljeong/Sensor_DB_TechInsight/techinsights_html_download_dep_a6pf30000009PYHAA2/html/reports/019_DEP-2310-801.html,/Users/seongcheoljeong/Sensor_DB_TechInsight/techinsights_html_download_dep_a6pf30000009PYHAA2/html/pdfs/019_DEP-2310-801/OmniVision_OX03D4C_DEP-2310-801.pdf
76,DEP-2401-801,geometry_plus_process_evidence,8,5,Galaxycore Inc,KJ5n_Front-Cam_CIS,DEP,0.7,2.7,partial_depth_back_dti,1.8,,,quad_pixel,0,0,0,5,0,/Users/seongcheoljeong/Sensor_DB_TechInsight/techinsights_html_download_dep_a6pf30000009PYHAA2/html/reports/014_DEP-2401-801.html,/Users/seongcheoljeong/Sensor_DB_TechInsight/techinsights_html_download_dep_a6pf30000009PYHAA2/html/pdfs/014_DEP-2401-801/Galaxycore_GC32E1_DEP-2401-801.pdf
77,DEP-2401-802,geometry_plus_process_evidence,8,5,Prophesee,PEK3X320CDMP_Cam_CIS,DEP,6.3,5.8,full_depth_front_dti,0.19,,,standalone,0,0,0,3,0,/Users/seongcheoljeong/Sensor_DB_TechInsight/techinsights_html_download_dep_a6pf30000009PYHAA2/html/reports/017_DEP-2401-802.html,/Users/seongcheoljeong/Sensor_DB_TechInsight/techinsights_html_download_dep_a6pf30000009PYHAA2/html/pdfs/017_DEP-2401-802/Prophesee_GenX320_DEP-2401-802.pdf
78,DEF-1810-801,geometry_plus_process_evidence,7,6,OmniVision,OS05A20,DEF,2.0,3.6,back_dti,2.6,,,two_shared,0,0,0,1,0,/Users/seongcheoljeong/Sensor_DB_TechInsight/techinsights_html_download/html/reports/130_DEF-1810-801.html,/Users/seongcheoljeong/Sensor_DB_TechInsight/techinsights_html_download/html/pdfs/130_DEF-1810-801/OmniVision_OS05A20_DEF-1810-801.pdf
79,DEF-1905-801,geometry_plus_process_evidence,7,6,Samsung,S5K3P9,DEF,1.0,3.9,full_depth_front_dti,,,vertical_transfer_gate,four_shared,0,0,0,1,0,/Users/seongcheoljeong/Sensor_DB_TechInsight/techinsights_html_download/html/reports/120_DEF-1905-801.html,/Users/seongcheoljeong/Sensor_DB_TechInsight/techinsights_html_download/html/pdfs/120_DEF-1905-801/Samsung_S5K3P9SN_DEF-1905-801.pdf
80,DEF-1906-802,geometry_plus_process_evidence,7,6,Samsung,S5K3J1SX03_CIS,DEF,1.22,2.6,partial_depth_back_dti,2.1,,,four_shared,0,0,0,1,0,/Users/seongcheoljeong/Sensor_DB_TechInsight/techinsights_html_download/html/reports/118_DEF-1906-802.html,/Users/seongcheoljeong/Sensor_DB_TechInsight/techinsights_html_download/html/pdfs/118_DEF-1906-802/Samsung_S5K3J1SX03_DEF-1906-802.pdf
81,DEF-2002-801,geometry_only,7,7,Samsung,S5KGH1,DEF,0.7,3.7,full_depth_front_dti,,92.0,vertical_transfer_gate,four_shared,0,0,0,0,0,/Users/seongcheoljeong/Sensor_DB_TechInsight/techinsights_html_download/html/reports/107_DEF-2002-801.html,/Users/seongcheoljeong/Sensor_DB_TechInsight/techinsights_html_download/html/pdfs/107_DEF-2002-801/Samsung_S5KGH1SM_DEF-2002-801.pdf
82,DEF-2003-801,geometry_only,7,7,OmniVision,OV48B,DEF,0.8,3.0,partial_depth_back_dti,1.9,,vertical_transfer_gate,four_shared,0,0,0,0,0,/Users/seongcheoljeong/Sensor_DB_TechInsight/techinsights_html_download/html/reports/106_DEF-2003-801.html,/Users/seongcheoljeong/Sensor_DB_TechInsight/techinsights_html_download/html/pdfs/106_DEF-2003-801/OmniVision_OV48B_DEF-2003-801.pdf
83,DEF-2102-801,geometry_plus_process_evidence,7,6,Leopard Imaging Inc,OX08A4Y-GMSL,DEF,2.1,2.9,partial_depth_back_dti,2.1,,,four_shared,0,0,0,1,0,/Users/seongcheoljeong/Sensor_DB_TechInsight/techinsights_html_download_missing_def_a6pf30000000GqhAAE/html/reports/037_DEF-2102-801.html,/Users/seongcheoljeong/Sensor_DB_TechInsight/techinsights_html_download_missing_def_a6pf30000000GqhAAE/html/pdfs/037_DEF-2102-801/OmniVision_OX08A_DEF-2102-801.pdf
84,DEF-2201-803,geometry_plus_process_evidence,7,6,Sony,IMX709,DEF,0.8,3.5,partial_depth_back_dti,2.3,,,eight_shared,0,0,0,1,0,/Users/seongcheoljeong/Sensor_DB_TechInsight/techinsights_html_download/html/reports/080_DEF-2201-803.html,/Users/seongcheoljeong/Sensor_DB_TechInsight/techinsights_html_download/html/pdfs/080_DEF-2201-803/SONY_IMX709_DEF-2201-803.pdf
85,DEF-2206-801,geometry_plus_process_evidence,7,6,Samsung,S5KJNVSQ_ISP,DEF,0.64,3.8,full_depth_front_dti,,,vertical_transfer_gate,four_shared,0,0,0,1,0,/Users/seongcheoljeong/Sensor_DB_TechInsight/techinsights_html_download_devices_a6pf30000000GqhAAE/html/reports/017_DEF-2206-801.html,/Users/seongcheoljeong/Sensor_DB_TechInsight/techinsights_html_download_devices_a6pf30000000GqhAAE/html/pdfs/017_DEF-2206-801/Samsung_S5KJNVSQ _DEF-2206-801.pdf
86,DEF-2212-802,geometry_plus_process_evidence,7,6,Leopard Imaging Inc,LI-IMX728-9295,DEF,2.1,4.1,full_depth_front_dti,2.7,,,standalone,0,0,0,1,0,/Users/seongcheoljeong/Sensor_DB_TechInsight/techinsights_html_download_missing_def_a6pf30000000GqhAAE/html/reports/016_DEF-2212-802.html,/Users/seongcheoljeong/Sensor_DB_TechInsight/techinsights_html_download_missing_def_a6pf30000000GqhAAE/html/pdfs/016_DEF-2212-802/Sony_IMX728_DEF-2212-802.pdf
87,DEF-2304-807,geometry_plus_process_evidence,7,6,Samsung,S5KHP3SP_CIS,DEF,0.56,4.1,full_depth_front_dti,,,vertical_transfer_gate,super_qpd,0,0,0,1,0,/Users/seongcheoljeong/Sensor_DB_TechInsight/techinsights_html_download/html/reports/061_DEF-2304-807.html,/Users/seongcheoljeong/Sensor_DB_TechInsight/techinsights_html_download/html/pdfs/061_DEF-2304-807/Samsung_S5KHP3SP_DEF-2304-807.pdf
88,DEF-2305-805,geometry_only,7,7,Sony,IMX675,DEF,2.0,6.0,full_depth_front_dti,2.1,,vertical_transfer_gate,standalone,0,0,0,0,0,/Users/seongcheoljeong/Sensor_DB_TechInsight/techinsights_html_download/html/reports/057_DEF-2305-805.html,/Users/seongcheoljeong/Sensor_DB_TechInsight/techinsights_html_download/html/pdfs/057_DEF-2305-805/Sony_IMX675_DEF-2305-805.pdf
89,DEF-2306-802,geometry_only,7,7,Unknown,AT-OX03D4C-5183YUV-VBO_Cam,DEF,2.1,2.9,partial_depth_back_dti,2.1,,vertical_transfer_gate,standalone,0,0,0,0,0,/Users/seongcheoljeong/Sensor_DB_TechInsight/techinsights_html_download/html/reports/055_DEF-2306-802.html,/Users/seongcheoljeong/Sensor_DB_TechInsight/techinsights_html_download/html/pdfs/055_DEF-2306-802/OmniVision_OX03D4C_DEF-2306-802.pdf
90,DEF-2401-803,geometry_plus_process_evidence,7,5,Prophesee,PEK3X320CDMP_Cam_CIS,DEF,6.3,5.8,full_depth_front_dti,,,,standalone,0,0,0,2,0,/Users/seongcheoljeong/Sensor_DB_TechInsight/techinsights_html_download/html/reports/045_DEF-2401-803.html,/Users/seongcheoljeong/Sensor_DB_TechInsight/techinsights_html_download/html/pdfs/045_DEF-2401-803/Prophesee GenX320_DEF-2401-803.pdf
91,DEF-2403-801,geometry_plus_process_evidence,7,6,OmniVision,OV50H,DEF,1.2,3.0,partial_depth_back_dti,2.1,,,quad_pixel,0,0,0,1,0,/Users/seongcheoljeong/Sensor_DB_TechInsight/techinsights_html_download/html/reports/043_DEF-2403-801.html,/Users/seongcheoljeong/Sensor_DB_TechInsight/techinsights_html_download/html/pdfs/043_DEF-2403-801/OmniVision_OV50H_DEF-2403-801.pdf
92,DEF-2405-801,geometry_plus_process_evidence,7,6,Samsung,S5K1H1SB_CIS,DEF,2.1,2.9,full_depth_front_dti,,,vertical_transfer_gate,standalone,0,0,0,1,0,/Users/seongcheoljeong/Sensor_DB_TechInsight/techinsights_html_download/html/reports/037_DEF-2405-801.html,/Users/seongcheoljeong/Sensor_DB_TechInsight/techinsights_html_download/html/pdfs/037_DEF-2405-801/Samsung_S5K1H1_DEF-2405-801.pdf; /Users/seongcheoljeong/Sensor_DB_TechInsight/techinsights_html_download_img_sensor_fc_pkg_2024_2026_a6pf30000000GqhAAE/html/pdfs/039_FCS-2407-876/Summary _ Samsung_S5K1H1_DEF-2405-801.pdf
93,DEF-2405-802,geometry_plus_process_evidence,7,6,OmniVision,OV50K,DEF,1.2,2.9,partial_depth_back_dti,2.0,,,quad_pixel,0,0,0,1,0,/Users/seongcheoljeong/Sensor_DB_TechInsight/techinsights_html_download/html/reports/039_DEF-2405-802.html,/Users/seongcheoljeong/Sensor_DB_TechInsight/techinsights_html_download/html/pdfs/039_DEF-2405-802/OmniVision OV50K DEF-2405-802.pdf; /Users/seongcheoljeong/Sensor_DB_TechInsight/techinsights_html_download_img_sensor_fc_pkg_2024_2026_a6pf30000000GqhAAE/html/pdfs/041_FCS-2406-812/Summary _ OmniVision OV50K DEF-2405-802.pdf
94,DEF-2408-802,geometry_plus_process_evidence,7,6,SmartSens,SC535HGS,DEF,3.4,4.0,partial_depth_back_dti,2.0,,,standalone,0,0,0,1,0,/Users/seongcheoljeong/Sensor_DB_TechInsight/techinsights_html_download/html/reports/034_DEF-2408-802.html,/Users/seongcheoljeong/Sensor_DB_TechInsight/techinsights_html_download/html/pdfs/034_DEF-2408-802/SmartSens_SC535HGS_DEF-2408-802.pdf
95,DEP-1905-803,process_snippet_only,7,4,Sony,IMX362,DEP,1.4,2.9,full_depth_front_dti,,,,dual_pixel,0,0,0,3,0,/Users/seongcheoljeong/Sensor_DB_TechInsight/techinsights_html_download_dep_a6pf30000009PYHAA2/html/reports/037_DEP-1905-803.html,/Users/seongcheoljeong/Sensor_DB_TechInsight/techinsights_html_download_dep_a6pf30000009PYHAA2/html/pdfs/037_DEP-1905-803/Sony_IMX362_BI_Stacked_CIS_DEP-1905-803.pdf
96,DEP-1911-801,process_snippet_only,7,4,Samsung,S5K3J1SX03_CIS,DEP,1.22,2.6,full_depth_front_dti,,,,dual_pixel,0,0,0,8,0,/Users/seongcheoljeong/Sensor_DB_TechInsight/techinsights_html_download_dep_a6pf30000009PYHAA2/html/reports/036_DEP-1911-801.html,/Users/seongcheoljeong/Sensor_DB_TechInsight/techinsights_html_download_dep_a6pf30000009PYHAA2/html/pdfs/036_DEP-1911-801/Samsung_S5K3J1SX03_BI_CIS_Dual_Pixel_DEP-1911-801.pdf
97,DEP-1912-801,process_snippet_only,7,4,OmniVision,OV24A1Q,DEP,0.9,3.0,partial_depth_back_dti,,,,four_shared,0,0,0,6,0,/Users/seongcheoljeong/Sensor_DB_TechInsight/techinsights_html_download_dep_a6pf30000009PYHAA2/html/reports/035_DEP-1912-801.html,/Users/seongcheoljeong/Sensor_DB_TechInsight/techinsights_html_download_dep_a6pf30000009PYHAA2/html/pdfs/035_DEP-1912-801/OmniVision_OV24A1Q_DEP-1912-801.pdf
98,DEP-2002-801,process_snippet_only,7,4,Samsung,S5KGH1,DEP,0.7,3.7,full_depth_front_dti,,,vertical_transfer_gate,,0,0,0,5,0,/Users/seongcheoljeong/Sensor_DB_TechInsight/techinsights_html_download_dep_a6pf30000009PYHAA2/html/reports/034_DEP-2002-801.html,/Users/seongcheoljeong/Sensor_DB_TechInsight/techinsights_html_download_dep_a6pf30000009PYHAA2/html/pdfs/034_DEP-2002-801/Samsung_S5KGH1SM_BI_CIS_DEP-2002-801.pdf
99,DEP-2004-801,process_snippet_only,7,4,ON Semi,LI-AR0820-GMSL2_Front-Cam,DEP,2.1,2.9,partial_depth_back_dti,,,,four_shared,0,0,0,5,0,/Users/seongcheoljeong/Sensor_DB_TechInsight/techinsights_html_download_dep_a6pf30000009PYHAA2/html/reports/032_DEP-2004-801.html,/Users/seongcheoljeong/Sensor_DB_TechInsight/techinsights_html_download_dep_a6pf30000009PYHAA2/html/pdfs/032_DEP-2004-801/ON_Semiconductor_AR0820AT_DEP-2004-801.pdf
100,DEP-2004-802,process_snippet_only,7,4,Sony,IMX608,DEP,1.12,3.2,full_depth_front_dti,,,,quad_pixel,0,0,0,6,0,/Users/seongcheoljeong/Sensor_DB_TechInsight/techinsights_html_download_dep_a6pf30000009PYHAA2/html/reports/033_DEP-2004-802.html,/Users/seongcheoljeong/Sensor_DB_TechInsight/techinsights_html_download_dep_a6pf30000009PYHAA2/html/pdfs/033_DEP-2004-802/Sony_IMX608_BI_Stacked_CIS_DEP-2004-802.pdf
101,DEP-2403-801,process_snippet_only,7,4,OmniVision,OV50H,DEP,1.2,3.0,partial_depth_back_dti,,,,four_shared,0,0,0,6,0,/Users/seongcheoljeong/Sensor_DB_TechInsight/techinsights_html_download_dep_a6pf30000009PYHAA2/html/reports/016_DEP-2403-801.html,/Users/seongcheoljeong/Sensor_DB_TechInsight/techinsights_html_download_dep_a6pf30000009PYHAA2/html/pdfs/016_DEP-2403-801/OmniVision_OV50H_DEP-2403-801.pdf
102,DEF-1807-801,geometry_plus_process_evidence,6,5,Sony,IMX307LQD-C,DEF,2.9,2.8,full_depth_front_dti,,,,standalone,0,0,0,1,0,/Users/seongcheoljeong/Sensor_DB_TechInsight/techinsights_html_download/html/reports/134_DEF-1807-801.html,/Users/seongcheoljeong/Sensor_DB_TechInsight/techinsights_html_download/html/pdfs/134_DEF-1807-801/Sony_IMX307_STARVIS_CIS_DEF-1807-801.pdf
103,DEF-1809-801,geometry_only,6,6,Samsung,S5K2P7,DEF,1.12,2.7,full_depth_front_dti,1.9,,,four_shared,0,0,0,0,0,/Users/seongcheoljeong/Sensor_DB_TechInsight/techinsights_html_download/html/reports/132_DEF-1809-801.html,/Users/seongcheoljeong/Sensor_DB_TechInsight/techinsights_html_download/html/pdfs/132_DEF-1809-801/Samsung_S5K2P7SQ_CIS_DEF-1809-801.pdf
104,DEF-1901-803,geometry_plus_process_evidence,6,5,Sony,PCT-AL10_Dual-Rear-Cam1_ISP,DEF,0.8,3.6,full_depth_front_dti,,,,quad_pixel,0,0,0,1,0,/Users/seongcheoljeong/Sensor_DB_TechInsight/techinsights_html_download_devices_a6pf30000000GqhAAE/html/reports/028_DEF-1901-803.html,/Users/seongcheoljeong/Sensor_DB_TechInsight/techinsights_html_download_devices_a6pf30000000GqhAAE/html/pdfs/028_DEF-1901-803/Sony_IMX586_Dual-Rear-Cam1_DEF-1901-803.pdf
105,DEF-1901-804,geometry_only,6,6,Samsung,S5KGM1,DEF,0.8,3.7,full_depth_front_dti,,,vertical_transfer_gate,four_shared,0,0,0,0,0,/Users/seongcheoljeong/Sensor_DB_TechInsight/techinsights_html_download/html/reports/123_DEF-1901-804.html,/Users/seongcheoljeong/Sensor_DB_TechInsight/techinsights_html_download/html/pdfs/123_DEF-1901-804/Samsung_S5KGM1SP_DEF-1901-804.pdf
106,DEF-1904-801,geometry_only,6,6,Sony,VOG-L29_Triple-Rear-Cam2-ISP,DEF,1.0,3.1,full_depth_front_dti,2.0,,,quad_pixel,0,0,0,0,0,/Users/seongcheoljeong/Sensor_DB_TechInsight/techinsights_html_download_devices_a6pf30000000GqhAAE/html/reports/026_DEF-1904-801.html,/Users/seongcheoljeong/Sensor_DB_TechInsight/techinsights_html_download_devices_a6pf30000000GqhAAE/html/pdfs/026_DEF-1904-801/Sony_IMX650_DEF-1904-801.pdf
107,DEF-1909-801,geometry_plus_process_evidence,6,5,OmniVision,OV24A1Q,DEF,0.9,3.0,partial_depth_back_dti,,,,four_shared,0,0,0,1,0,/Users/seongcheoljeong/Sensor_DB_TechInsight/techinsights_html_download/html/reports/113_DEF-1909-801.html,/Users/seongcheoljeong/Sensor_DB_TechInsight/techinsights_html_download/html/pdfs/113_DEF-1909-801/OmniVision_OV24A1Q_DEF-1909-801.pdf
108,DEF-1909-803,geometry_only,6,6,Sony,12MP Wide,DEF,1.4,3.5,full_depth_front_dti,2.3,,,dual_pixel,0,0,0,0,0,/Users/seongcheoljeong/Sensor_DB_TechInsight/techinsights_html_download/html/reports/114_DEF-1909-803.html,/Users/seongcheoljeong/Sensor_DB_TechInsight/techinsights_html_download/html/pdfs/114_DEF-1909-803/Sony iPhone 11_Rear 12 MP Wide-Angle_DEF-1909-803.pdf
109,DEF-1911-803,geometry_only,6,6,Samsung,S5KHMX,DEF,0.8,4.0,full_depth_front_dti,,,vertical_transfer_gate,four_shared,0,0,0,0,0,/Users/seongcheoljeong/Sensor_DB_TechInsight/techinsights_html_download/html/reports/111_DEF-1911-803.html,/Users/seongcheoljeong/Sensor_DB_TechInsight/techinsights_html_download/html/pdfs/111_DEF-1911-803/Samsung_S5KHMXSP_DEF-1911-803.pdf
110,DEF-2002-803,geometry_plus_process_evidence,6,5,Sony,SM-G986N_Triple-Rear-Cam1_ISP,DEF,1.8,3.0,full_depth_front_dti,,,,four_shared,0,0,0,1,0,/Users/seongcheoljeong/Sensor_DB_TechInsight/techinsights_html_download_missing_def_a6pf30000000GqhAAE/html/reports/054_DEF-2002-803.html,/Users/seongcheoljeong/Sensor_DB_TechInsight/techinsights_html_download_missing_def_a6pf30000000GqhAAE/html/pdfs/054_DEF-2002-803/Sony_IMX555_DEF-2002-803.pdf
111,DEF-2004-801,process_snippet_only,6,4,Brillnics,BRV0500,DEF,2.12,2.6,,,,,two_shared,0,0,0,2,0,/Users/seongcheoljeong/Sensor_DB_TechInsight/techinsights_html_download/html/reports/105_DEF-2004-801.html,/Users/seongcheoljeong/Sensor_DB_TechInsight/techinsights_html_download/html/pdfs/105_DEF-2004-801/Brillnics_BRV0500_DEF-2004-801.pdf
112,DEF-2010-804,geometry_plus_process_evidence,6,5,Sony,LI-IMX415-MIPI-M12_Front-Cam,DEF,1.45,4.0,full_depth_front_dti,,,,four_shared,0,0,0,1,0,/Users/seongcheoljeong/Sensor_DB_TechInsight/techinsights_html_download/html/reports/103_DEF-2010-804.html,/Users/seongcheoljeong/Sensor_DB_TechInsight/techinsights_html_download/html/pdfs/103_DEF-2010-804/Sony_IMX415_DEF-2010-804.pdf
113,DEF-2103-802,geometry_only,6,6,STMicroelectronics,VG6640AB1M,DEF,3.75,,full_depth_front_dti,4.1,220.0,,standalone,0,0,0,0,0,/Users/seongcheoljeong/Sensor_DB_TechInsight/techinsights_html_download/html/reports/097_DEF-2103-802.html,/Users/seongcheoljeong/Sensor_DB_TechInsight/techinsights_html_download/html/pdfs/097_DEF-2103-802/STMicroelectronics_VG6640_DEF-2103-802.pdf
114,DEF-2109-802,geometry_only,6,6,OmniVision,OS04C10-A43A,DEF,2.0,3.5,partial_depth_back_dti,2.1,,,standalone,0,0,0,0,0,/Users/seongcheoljeong/Sensor_DB_TechInsight/techinsights_html_download/html/reports/088_DEF-2109-802.html,/Users/seongcheoljeong/Sensor_DB_TechInsight/techinsights_html_download/html/pdfs/088_DEF-2109-802/OmniVision_OS04C10_DEF-2109-802.pdf
115,DEF-2110-804,process_snippet_only,6,4,SmartSens,SAV-WBCMSBML500WH_Front-Cam_CIS,DEF,2.0,2.9,,,,,standalone,0,0,0,2,0,/Users/seongcheoljeong/Sensor_DB_TechInsight/techinsights_html_download/html/reports/087_DEF-2110-804.html,/Users/seongcheoljeong/Sensor_DB_TechInsight/techinsights_html_download/html/pdfs/087_DEF-2110-804/SmartSens_SC500AI_DEF-2110-804.pdf
116,DEF-2111-803,geometry_plus_process_evidence,6,5,Canon,LC1720_CIS,DEF,6.0,3.1,full_depth_front_dti,,,,dual_pixel,0,0,0,1,0,/Users/seongcheoljeong/Sensor_DB_TechInsight/techinsights_html_download/html/reports/084_DEF-2111-803.html,/Users/seongcheoljeong/Sensor_DB_TechInsight/techinsights_html_download/html/pdfs/084_DEF-2111-803/Canon_LC1720_Full_Frame_CMOS_Image_Sensor_DEF-2111-803.pdf
117,DEF-2112-801,geometry_plus_process_evidence,6,5,OmniVision,0X01F10-E48Y,DEF,3.0,2.9,partial_depth_back_dti,,,,standalone,0,0,0,1,0,/Users/seongcheoljeong/Sensor_DB_TechInsight/techinsights_html_download/html/reports/083_DEF-2112-801.html,/Users/seongcheoljeong/Sensor_DB_TechInsight/techinsights_html_download/html/pdfs/083_DEF-2112-801/OmniVision_OX01F10_DEF-2112-801.pdf
118,DEF-2204-801,process_snippet_only,6,4,Nikon,Nikon Z9,DEF,4.35,2.7,full_depth_front_dti,,,,,0,0,0,2,0,/Users/seongcheoljeong/Sensor_DB_TechInsight/techinsights_html_download_missing_def_a6pf30000000GqhAAE/html/reports/026_DEF-2204-801.html,/Users/seongcheoljeong/Sensor_DB_TechInsight/techinsights_html_download_missing_def_a6pf30000000GqhAAE/html/pdfs/026_DEF-2204-801/Sony_IMX609AQJ_Nikon_Z9_CMOS_Image_Sensor_DEF-2204-801.pdf
119,DEF-2204-804,geometry_only,6,6,Samsung,S5KHM6,DEF,0.64,3.6,full_depth_front_dti,,110.0,vertical_transfer_gate,,0,0,0,0,0,/Users/seongcheoljeong/Sensor_DB_TechInsight/techinsights_html_download/html/reports/078_DEF-2204-804.html,/Users/seongcheoljeong/Sensor_DB_TechInsight/techinsights_html_download/html/pdfs/078_DEF-2204-804/Samsung_S5KHM6_DEF-2204-804.pdf
120,DEF-2206-805,geometry_only,6,6,Sony,IMX662,DEF,2.9,6.6,full_depth_front_dti,,,dual_vertical_transfer_gate,standalone,0,0,0,0,0,/Users/seongcheoljeong/Sensor_DB_TechInsight/techinsights_html_download/html/reports/075_DEF-2206-805.html,/Users/seongcheoljeong/Sensor_DB_TechInsight/techinsights_html_download/html/pdfs/075_DEF-2206-805/Sony_IMX662_DEF-2206-805.pdf
121,DEF-2207-801,geometry_plus_process_evidence,6,5,OmniVision,OV2K0EAA_P_CIS,DEF,3.0,2.9,partial_depth_back_dti,,,,standalone,0,0,0,1,0,/Users/seongcheoljeong/Sensor_DB_TechInsight/techinsights_html_download/html/reports/073_DEF-2207-801.html,/Users/seongcheoljeong/Sensor_DB_TechInsight/techinsights_html_download/html/pdfs/073_DEF-2207-801/OmniVision_OX03C10_DEF-2207-801.pdf
122,DEF-2212-801,geometry_only,6,6,SmartSens,SC910GS,DEF,4.0,2.3,partial_depth_back_dti,1.6,,,standalone,0,0,0,0,0,/Users/seongcheoljeong/Sensor_DB_TechInsight/techinsights_html_download/html/reports/066_DEF-2212-801.html,/Users/seongcheoljeong/Sensor_DB_TechInsight/techinsights_html_download/html/pdfs/066_DEF-2212-801/SmartSens_SC910GS_DEF-2212-801.pdf
123,DEF-2305-802,geometry_only,6,6,OmniVision,OS12D40-J08A-001A_CIS,DEF,1.4,2.9,partial_depth_back_dti,1.7,,,four_shared,0,0,0,0,0,/Users/seongcheoljeong/Sensor_DB_TechInsight/techinsights_html_download/html/reports/058_DEF-2305-802.html,/Users/seongcheoljeong/Sensor_DB_TechInsight/techinsights_html_download/html/pdfs/058_DEF-2305-802/OmniVision_OS12D40_DEF-2305-802.pdf
124,DEF-2307-801,geometry_only,6,6,SK Hynix,Hi-5021Q,DEF,0.7,3.6,full_depth_front_dti,2.3,,,eight_shared,0,0,0,0,0,/Users/seongcheoljeong/Sensor_DB_TechInsight/techinsights_html_download/html/reports/056_DEF-2307-801.html,/Users/seongcheoljeong/Sensor_DB_TechInsight/techinsights_html_download/html/pdfs/056_DEF-2307-801/SK hynix_Hi-5021Q_DEF-2307-801.pdf
125,DEF-2308-804,geometry_only,6,6,Sony,IMX623,DEF,3.0,3.0,full_depth_front_dti,,,vertical_transfer_gate,standalone,0,0,0,0,0,/Users/seongcheoljeong/Sensor_DB_TechInsight/techinsights_html_download/html/reports/051_DEF-2308-804.html,/Users/seongcheoljeong/Sensor_DB_TechInsight/techinsights_html_download/html/pdfs/051_DEF-2308-804/Sony_IMX623_DEF-2308-804.pdf
126,DEF-2310-801,geometry_only,6,6,ams OSRAM,Mira050-1QM1WB_FT_SE,DEF,2.79,6.0,partial_depth_back_dti,4.2,,,standalone,0,0,0,0,0,/Users/seongcheoljeong/Sensor_DB_TechInsight/techinsights_html_download/html/reports/048_DEF-2310-801.html,/Users/seongcheoljeong/Sensor_DB_TechInsight/techinsights_html_download/html/pdfs/048_DEF-2310-801/ams_OSRAM_Mira050_DEF-2310-801.pdf
127,DEF-2312-801,geometry_only,6,6,Samsung,S5KGM5SX_CIS,DEF,0.7,3.8,full_depth_front_dti,,,vertical_transfer_gate,four_shared,0,0,0,0,0,/Users/seongcheoljeong/Sensor_DB_TechInsight/techinsights_html_download/html/reports/047_DEF-2312-801.html,/Users/seongcheoljeong/Sensor_DB_TechInsight/techinsights_html_download/html/pdfs/047_DEF-2312-801/Samsung_S5KGM5SX_DEF-2312-801.pdf
128,DEF-2312-802,geometry_only,6,6,SK Hynix,Hi-5022Q,DEF,0.64,3.7,full_depth_front_dti,2.7,,,quad_pixel,0,0,0,0,0,/Users/seongcheoljeong/Sensor_DB_TechInsight/techinsights_html_download_missing_def_a6pf30000000GqhAAE/html/reports/005_DEF-2312-802.html,/Users/seongcheoljeong/Sensor_DB_TechInsight/techinsights_html_download_missing_def_a6pf30000000GqhAAE/html/pdfs/005_DEF-2312-802/SK hynix_Hi-5022Q_DEF-2312-802.pdf
129,DEF-2402-804,process_snippet_only,6,3,Canon,LI5030SAC,DEF,6.4,,,,,,standalone,0,0,0,4,0,/Users/seongcheoljeong/Sensor_DB_TechInsight/techinsights_html_download/html/reports/041_DEF-2402-804.html,/Users/seongcheoljeong/Sensor_DB_TechInsight/techinsights_html_download/html/pdfs/041_DEF-2402-804/Canon LI5030SAC DEF-2402-804.pdf
130,DEF-2404-802,geometry_only,6,6,OmniVision,OX08D10,DEF,2.1,3.0,partial_depth_back_dti,2.0,,,standalone,0,0,0,0,0,/Users/seongcheoljeong/Sensor_DB_TechInsight/techinsights_html_download/html/reports/040_DEF-2404-802.html,/Users/seongcheoljeong/Sensor_DB_TechInsight/techinsights_html_download/html/pdfs/040_DEF-2404-802/OmniVision_OX08D10_DEF-2404-802.pdf
131,DEF-2405-803,geometry_plus_process_evidence,6,5,Sony,IMX681,DEF,1.0,3.6,full_depth_front_dti,,,,eight_shared,0,0,0,1,0,/Users/seongcheoljeong/Sensor_DB_TechInsight/techinsights_html_download/html/reports/038_DEF-2405-803.html,/Users/seongcheoljeong/Sensor_DB_TechInsight/techinsights_html_download/html/pdfs/038_DEF-2405-803/Sony_IMX681_DEF-2405-803.pdf; /Users/seongcheoljeong/Sensor_DB_TechInsight/techinsights_html_download_img_sensor_fc_pkg_2024_2026_a6pf30000000GqhAAE/html/pdfs/040_FCS-2407-841/Summary _ Sony_IMX681_DEF-2405-803.pdf
132,DEF-2407-803,geometry_plus_process_evidence,6,5,Nikon,Nikon Z6 III,DEF,5.9,2.7,full_depth_front_dti,,,,two_shared,0,0,0,1,0,/Users/seongcheoljeong/Sensor_DB_TechInsight/techinsights_html_download_missing_def_a6pf30000000GqhAAE/html/reports/004_DEF-2407-803.html,/Users/seongcheoljeong/Sensor_DB_TechInsight/techinsights_html_download_missing_def_a6pf30000000GqhAAE/html/pdfs/004_DEF-2407-803/Sony_IMX820_DEF-2407-803.pdf
133,DEP-1804-802,process_snippet_only,6,3,STMicroelectronics,56G08A,DEP,2.8,,full_depth_front_dti,,,,two_shared,0,0,0,6,0,/Users/seongcheoljeong/Sensor_DB_TechInsight/techinsights_html_download_dep_a6pf30000009PYHAA2/html/reports/045_DEP-1804-802.html,/Users/seongcheoljeong/Sensor_DB_TechInsight/techinsights_html_download_dep_a6pf30000009PYHAA2/html/pdfs/045_DEP-1804-802/STMicroelectronics_56G08A_IR_Camera_DEP-1804-802.pdf
134,DEP-1806-801,process_snippet_only,6,3,SmartSens,SC130GS,DEP,4.0,1.9,,,,,standalone,0,0,0,4,0,/Users/seongcheoljeong/Sensor_DB_TechInsight/techinsights_html_download_dep_a6pf30000009PYHAA2/html/reports/044_DEP-1806-801.html,/Users/seongcheoljeong/Sensor_DB_TechInsight/techinsights_html_download_dep_a6pf30000009PYHAA2/html/pdfs/044_DEP-1806-801/SmartSens_SC130GS_DEP-1806-801.pdf
135,DEP-1811-801,process_snippet_only,6,3,Sony,IMX424_CIS,DEP,2.25,2.7,,,,,two_shared,0,0,0,3,0,/Users/seongcheoljeong/Sensor_DB_TechInsight/techinsights_html_download_dep_a6pf30000009PYHAA2/html/reports/042_DEP-1811-801.html,/Users/seongcheoljeong/Sensor_DB_TechInsight/techinsights_html_download_dep_a6pf30000009PYHAA2/html/pdfs/042_DEP-1811-801/Sony_IMX424_BI_CIS_DEP-1811-801.pdf
136,DEP-1902-801,process_snippet_only,6,3,GPixel Inc,GMAX0505-BM,DEP,2.5,,,,,,two_shared,0,0,0,4,0,/Users/seongcheoljeong/Sensor_DB_TechInsight/techinsights_html_download_dep_a6pf30000009PYHAA2/html/reports/038_DEP-1902-801.html,/Users/seongcheoljeong/Sensor_DB_TechInsight/techinsights_html_download_dep_a6pf30000009PYHAA2/html/pdfs/038_DEP-1902-801/GPixel_GMAX0505_FI_GS_CIS_DEP-1902-801.pdf
137,DEP-2103-803,process_snippet_only,6,3,Samsung,S5K231YX,DEP,9.0,2.5,back_dti,,,,,0,0,0,3,0,/Users/seongcheoljeong/Sensor_DB_TechInsight/techinsights_html_download_missing_dep_a6pf30000009PYHAA2/html/reports/018_DEP-2103-803.html,/Users/seongcheoljeong/Sensor_DB_TechInsight/techinsights_html_download_missing_dep_a6pf30000009PYHAA2/html/pdfs/018_DEP-2103-803/Samsung_S5K231YX_DEP-2103-803.pdf
138,DEP-2104-801,process_snippet_only,6,3,Sony,IMX991-AABA,DEP,5.0,,back_dti,,,,standalone,0,0,0,5,0,/Users/seongcheoljeong/Sensor_DB_TechInsight/techinsights_html_download_dep_a6pf30000009PYHAA2/html/reports/031_DEP-2104-801.html,/Users/seongcheoljeong/Sensor_DB_TechInsight/techinsights_html_download_dep_a6pf30000009PYHAA2/html/pdfs/031_DEP-2104-801/Sony_IMX990_DEP-2104-801.pdf
139,DEF-1503-802,process_snippet_only,5,3,SmartSens,SC1035,DEF,4.0,,,,,,standalone,0,0,0,2,0,/Users/seongcheoljeong/Sensor_DB_TechInsight/techinsights_html_download/html/reports/158_DEF-1503-802.html,/Users/seongcheoljeong/Sensor_DB_TechInsight/techinsights_html_download/html/pdfs/158_DEF-1503-802/SmartSen_SC1035_Device_Essentials_Summary_DEF-1503-802.pdf
140,DEF-1606-801,process_snippet_only,5,3,Canon,0931C001_Pri-Camera,DEF,6.5,,,,,,dual_pixel,0,0,0,2,0,/Users/seongcheoljeong/Sensor_DB_TechInsight/techinsights_html_download/html/reports/153_DEF-1606-801.html,/Users/seongcheoljeong/Sensor_DB_TechInsight/techinsights_html_download/html/pdfs/153_DEF-1606-801/Canon_LC1460A_from_EOS-1DX-MarkII_Device_Essentials_Summary_DEF-1606-801.pdf
141,DEF-1703-802,process_snippet_only,5,3,Sony,IMX270,DEF,3.3,,,,,,two_shared,0,0,0,2,0,/Users/seongcheoljeong/Sensor_DB_TechInsight/techinsights_html_download/html/reports/151_DEF-1703-802.html,/Users/seongcheoljeong/Sensor_DB_TechInsight/techinsights_html_download/html/pdfs/151_DEF-1703-802/Sony_IMX270_Olympus_OM-D_E-M1_Mark_II_MILC_DEF-1703-802.pdf
142,DEF-1705-802,geometry_only,5,5,Sony,IMX274,DEF,1.62,,full_depth_front_dti,2.2,,,four_shared,0,0,0,0,0,/Users/seongcheoljeong/Sensor_DB_TechInsight/techinsights_html_download/html/reports/150_DEF-1705-802.html,/Users/seongcheoljeong/Sensor_DB_TechInsight/techinsights_html_download/html/pdfs/150_DEF-1705-802/Sony_IMX274LQC_Device_Essentials_Summary_DEF-1705-802.pdf
143,DEF-1710-801,process_snippet_only,5,4,SmartSens,CMOS Image Sensor,DEF,2.0,,partial_depth_back_dti,,,,two_shared,0,0,0,1,0,/Users/seongcheoljeong/Sensor_DB_TechInsight/techinsights_html_download/html/reports/147_DEF-1710-801.html,/Users/seongcheoljeong/Sensor_DB_TechInsight/techinsights_html_download/html/pdfs/147_DEF-1710-801/SmartSens_SC5035_Device_Essentials_DEF-1710-801.pdf
144,DEF-1803-805,process_snippet_only,5,3,Sony,IMX390E07,DEF,3.0,,full_depth_front_dti,,,,,0,0,0,2,0,/Users/seongcheoljeong/Sensor_DB_TechInsight/techinsights_html_download/html/reports/141_DEF-1803-805.html,/Users/seongcheoljeong/Sensor_DB_TechInsight/techinsights_html_download/html/pdfs/141_DEF-1803-805/Sony_IMX390_DEF-1803-805.pdf
145,DEF-1805-801,process_snippet_only,5,4,SmartSens,SC130GS,DEF,4.0,1.9,,,,,standalone,0,0,0,1,0,/Users/seongcheoljeong/Sensor_DB_TechInsight/techinsights_html_download/html/reports/139_DEF-1805-801.html,/Users/seongcheoljeong/Sensor_DB_TechInsight/techinsights_html_download/html/pdfs/139_DEF-1805-801/SmartSens_SC130GS_DEF-1805-801.pdf
146,DEF-1806-801,geometry_only,5,5,ON Semi,AR0430,DEF,2.0,2.4,back_dti,,,,two_shared,0,0,0,0,0,/Users/seongcheoljeong/Sensor_DB_TechInsight/techinsights_html_download/html/reports/138_DEF-1806-801.html,/Users/seongcheoljeong/Sensor_DB_TechInsight/techinsights_html_download/html/pdfs/138_DEF-1806-801/ON_Semiconductor_AR0430_DEF-1806-801.pdf
147,DEF-1806-802,process_snippet_only,5,4,Sony,IMX410,DEF,6.0,,full_depth_front_dti,,,,two_shared,0,0,0,1,0,/Users/seongcheoljeong/Sensor_DB_TechInsight/techinsights_html_download/html/reports/136_DEF-1806-802.html,/Users/seongcheoljeong/Sensor_DB_TechInsight/techinsights_html_download/html/pdfs/136_DEF-1806-802/Sony_IMX410_DEF-1806-802.pdf
148,DEF-1807-802,process_snippet_only,5,4,ON Semi,AR0522,DEF,2.2,2.5,,,,,two_shared,0,0,0,1,0,/Users/seongcheoljeong/Sensor_DB_TechInsight/techinsights_html_download/html/reports/133_DEF-1807-802.html,/Users/seongcheoljeong/Sensor_DB_TechInsight/techinsights_html_download/html/pdfs/133_DEF-1807-802/ON_Semiconductor_AR0521_DEF-1807-802.pdf
149,DEF-1811-801,process_snippet_only,5,4,OmniVision,OV10650,DEF,4.2,2.0,,,,,two_shared,0,0,0,1,0,/Users/seongcheoljeong/Sensor_DB_TechInsight/techinsights_html_download/html/reports/126_DEF-1811-801.html,/Users/seongcheoljeong/Sensor_DB_TechInsight/techinsights_html_download/html/pdfs/126_DEF-1811-801/OmniVision_OV10650_DEF-1811-801.pdf
150,DEF-1811-802,geometry_only,5,5,Sony,IMX309BQJ,DEF,4.4,2.7,full_depth_front_dti,,,,two_shared,0,0,0,0,0,/Users/seongcheoljeong/Sensor_DB_TechInsight/techinsights_html_download/html/reports/127_DEF-1811-802.html,/Users/seongcheoljeong/Sensor_DB_TechInsight/techinsights_html_download/html/pdfs/127_DEF-1811-802/Sony_IMX309BQJ_DEF-1811-802.pdf
151,DEF-1907-801,geometry_only,5,5,Unknown,NZ1GXD,DEF,2.1,4.4,full_depth_front_dti,,,,standalone,0,0,0,0,0,/Users/seongcheoljeong/Sensor_DB_TechInsight/techinsights_html_download/html/reports/117_DEF-1907-801.html,/Users/seongcheoljeong/Sensor_DB_TechInsight/techinsights_html_download/html/pdfs/117_DEF-1907-801/Samsung_S5K2G1XX_DEF-1907-801.pdf
152,DEF-1911-802,process_snippet_only,5,4,Samsung,S5K231YX,DEF,9.0,,back_dti,,,,standalone,0,0,0,1,0,/Users/seongcheoljeong/Sensor_DB_TechInsight/techinsights_html_download_missing_def_a6pf30000000GqhAAE/html/reports/058_DEF-1911-802.html,/Users/seongcheoljeong/Sensor_DB_TechInsight/techinsights_html_download_missing_def_a6pf30000000GqhAAE/html/pdfs/058_DEF-1911-802/Samsung_S5K231YX_DEF-1911-802.pdf
153,DEF-2011-801,process_snippet_only,5,3,GPixel Inc,GSENSE2020BSI-ANM-NUN,DEF,6.5,10.5,,,,,standalone,0,0,0,2,0,/Users/seongcheoljeong/Sensor_DB_TechInsight/techinsights_html_download/html/reports/102_DEF-2011-801.html,/Users/seongcheoljeong/Sensor_DB_TechInsight/techinsights_html_download/html/pdfs/102_DEF-2011-801/Gpixel_GSENSE2020BSI_DEF-2011-801.pdf
154,DEF-2104-801,geometry_only,5,5,ON Semi,ARX3A0_CIS,DEF,2.2,2.7,partial_depth_back_dti,,,,four_shared,0,0,0,0,0,/Users/seongcheoljeong/Sensor_DB_TechInsight/techinsights_html_download/html/reports/092_DEF-2104-801.html,/Users/seongcheoljeong/Sensor_DB_TechInsight/techinsights_html_download/html/pdfs/092_DEF-2104-801/ON Semi_ARX3A0_DEF-2104-801.pdf
155,DEF-2111-801,process_snippet_only,5,4,Galaxycore Inc,GC8054,DEF,1.12,2.3,,,,,four_shared,0,0,0,1,0,/Users/seongcheoljeong/Sensor_DB_TechInsight/techinsights_html_download/html/reports/085_DEF-2111-801.html,/Users/seongcheoljeong/Sensor_DB_TechInsight/techinsights_html_download/html/pdfs/085_DEF-2111-801/Galaxycore_GC8054_DEF-2111-801.pdf
156,DEF-2202-802,geometry_only,5,5,Sony,IMX636AAMR-ES,DEF,4.86,6.8,full_depth_front_dti,,,,standalone,0,0,0,0,0,/Users/seongcheoljeong/Sensor_DB_TechInsight/techinsights_html_download_missing_def_a6pf30000000GqhAAE/html/reports/028_DEF-2202-802.html,/Users/seongcheoljeong/Sensor_DB_TechInsight/techinsights_html_download_missing_def_a6pf30000000GqhAAE/html/pdfs/028_DEF-2202-802/Sony_IMX636_Event-Based_Vision_Sensor_DEF-2202-802.pdf
157,DEF-2206-804,process_snippet_only,5,4,SmartSens,SC501CS,DEF,1.12,2.2,,,,,four_shared,0,0,0,1,0,/Users/seongcheoljeong/Sensor_DB_TechInsight/techinsights_html_download/html/reports/074_DEF-2206-804.html,/Users/seongcheoljeong/Sensor_DB_TechInsight/techinsights_html_download/html/pdfs/074_DEF-2206-804/SmartSens_SC501CS_DEF-2206-804.pdf
158,DEF-2207-802,geometry_only,5,5,Sony,IMX989,DEF,1.6,2.9,full_depth_front_dti,,,,quad_pixel,0,0,0,0,0,/Users/seongcheoljeong/Sensor_DB_TechInsight/techinsights_html_download/html/reports/070_DEF-2207-802.html,/Users/seongcheoljeong/Sensor_DB_TechInsight/techinsights_html_download/html/pdfs/070_DEF-2207-802/Sony_IMX989_DEF-2207-802.pdf
159,DEF-2208-801,geometry_only,5,5,Sony,IMX787,DEF,0.8,3.6,full_depth_front_dti,,,,quad_pixel,0,0,0,0,0,/Users/seongcheoljeong/Sensor_DB_TechInsight/techinsights_html_download/html/reports/069_DEF-2208-801.html,/Users/seongcheoljeong/Sensor_DB_TechInsight/techinsights_html_download/html/pdfs/069_DEF-2208-801/Sony_IMX787_DEF-2208-801.pdf
160,DEF-2210-801,geometry_only,5,5,SmartSens,SC850SL-CSMNN00,DEF,2.0,5.8,partial_depth_back_dti,,,,standalone,0,0,0,0,0,/Users/seongcheoljeong/Sensor_DB_TechInsight/techinsights_html_download/html/reports/068_DEF-2210-801.html,/Users/seongcheoljeong/Sensor_DB_TechInsight/techinsights_html_download/html/pdfs/068_DEF-2210-801/SmartSens_SC850SL_DEF-2210-801.pdf
161,DEF-2304-801,geometry_only,5,5,Sony,IMX500,DEF,1.55,2.4,full_depth_front_dti,,,,quad_pixel,0,0,0,0,0,/Users/seongcheoljeong/Sensor_DB_TechInsight/techinsights_html_download/html/reports/062_DEF-2304-801.html,/Users/seongcheoljeong/Sensor_DB_TechInsight/techinsights_html_download/html/pdfs/062_DEF-2304-801/Sony_IMX500_DEF-2304-801.pdf
162,DEF-2306-803,geometry_only,5,5,Sony,IMX715,DEF,1.45,6.1,full_depth_front_dti,,,,quad_pixel,0,0,0,0,0,/Users/seongcheoljeong/Sensor_DB_TechInsight/techinsights_html_download/html/reports/054_DEF-2306-803.html,/Users/seongcheoljeong/Sensor_DB_TechInsight/techinsights_html_download/html/pdfs/054_DEF-2306-803/Sony_IMX715_DEF-2306-803.pdf
163,DEF-2401-801,geometry_only,5,5,Galaxycore Inc,KJ5n_Front-Cam_CIS,DEF,0.7,2.7,partial_depth_back_dti,,,,quad_pixel,0,0,0,0,0,/Users/seongcheoljeong/Sensor_DB_TechInsight/techinsights_html_download/html/reports/046_DEF-2401-801.html,/Users/seongcheoljeong/Sensor_DB_TechInsight/techinsights_html_download/html/pdfs/046_DEF-2401-801/Galaxycore_GC32E1_DEF-2401-801.pdf
164,DEF-2409-804,geometry_only,5,5,Sony,IMX972,DEF,0.7,4.5,full_depth_front_dti,,,,quad_pixel,0,0,0,0,0,/Users/seongcheoljeong/Sensor_DB_TechInsight/techinsights_html_download/html/reports/033_DEF-2409-804.html,/Users/seongcheoljeong/Sensor_DB_TechInsight/techinsights_html_download/html/pdfs/033_DEF-2409-804/Sony_IMX972_DEF-2409-804.pdf; /Users/seongcheoljeong/Sensor_DB_TechInsight/techinsights_html_download_img_sensor_fc_pkg_2024_2026_a6pf30000000GqhAAE/html/pdfs/036_FCS-2409-853/Summary _ Sony_IMX972_DEF-2409-804.pdf
165,DEP-1811-802,process_snippet_only,5,2,Sony,IMX250MZR,DEP,3.45,,,,,,two_shared,0,0,0,6,0,/Users/seongcheoljeong/Sensor_DB_TechInsight/techinsights_html_download_dep_a6pf30000009PYHAA2/html/reports/041_DEP-1811-802.html,/Users/seongcheoljeong/Sensor_DB_TechInsight/techinsights_html_download_dep_a6pf30000009PYHAA2/html/pdfs/041_DEP-1811-802/Sony_IMX250MZR_FI_CIS_DEP-1811-802.pdf
166,DEP-2211-801,process_snippet_only,5,2,Stratio,BeyonSense 1,DEP,,,back_dti,,,,standalone,0,0,0,4,0,/Users/seongcheoljeong/Sensor_DB_TechInsight/techinsights_html_download_missing_dep_a6pf30000009PYHAA2/html/reports/007_DEP-2211-801.html,/Users/seongcheoljeong/Sensor_DB_TechInsight/techinsights_html_download_missing_dep_a6pf30000009PYHAA2/html/pdfs/007_DEP-2211-801/Stratio_BeyonSense_SWIR_DEP-2211-801.pdf
167,DEF-1311-801,process_snippet_only,4,3,OmniVision,OV07955-E53V-PF,DEF,6.0,,,,,,standalone,0,0,0,1,0,/Users/seongcheoljeong/Sensor_DB_TechInsight/techinsights_html_download/html/reports/166_DEF-1311-801.html,/Users/seongcheoljeong/Sensor_DB_TechInsight/techinsights_html_download/html/pdfs/166_DEF-1311-801/OmniVision_OV7955_Device_Essentials_Summary.pdf
168,DEF-1412-801,process_snippet_only,4,3,Sony,IMX210AQL,DEF,3.9,,,,,,two_shared,0,0,0,1,0,/Users/seongcheoljeong/Sensor_DB_TechInsight/techinsights_html_download/html/reports/159_DEF-1412-801.html,/Users/seongcheoljeong/Sensor_DB_TechInsight/techinsights_html_download/html/pdfs/159_DEF-1412-801/Sony_IMX210_CIS_from_a6000_Device_Essentials_Summary_DEF-1412-801.pdf
169,DEF-1602-801,insufficient_for_tcad,4,4,Sony,ISX017,DEF,3.5,,full_depth_front_dti,,,,standalone,0,0,0,0,0,/Users/seongcheoljeong/Sensor_DB_TechInsight/techinsights_html_download_devices_a6pf30000000GqhAAE/html/reports/031_DEF-1602-801.html,/Users/seongcheoljeong/Sensor_DB_TechInsight/techinsights_html_download_devices_a6pf30000000GqhAAE/html/pdfs/031_DEF-1602-801/Sony_ISX017_Device_Essentials_Summary_DEF-1602-801.pdf
170,DEF-1605-801,process_snippet_only,4,3,Nikon,5119,DEF,6.5,,,,,,two_shared,0,0,0,1,0,/Users/seongcheoljeong/Sensor_DB_TechInsight/techinsights_html_download/html/reports/155_DEF-1605-801.html,/Users/seongcheoljeong/Sensor_DB_TechInsight/techinsights_html_download/html/pdfs/155_DEF-1605-801/Toshiba_T4K54_from_Nikon_D5_DEF-1605-801.pdf
171,DEF-1605-803,insufficient_for_tcad,4,4,Sony,IPCX-HC28551080S-POE_Image-Sensor,DEF,2.9,,full_depth_front_dti,,,,standalone,0,0,0,0,0,/Users/seongcheoljeong/Sensor_DB_TechInsight/techinsights_html_download/html/reports/154_DEF-1605-803.html,/Users/seongcheoljeong/Sensor_DB_TechInsight/techinsights_html_download/html/pdfs/154_DEF-1605-803/Sony_IMX291LQR_Device_Essentials_Summary_DEF-1605-803.pdf
172,DEF-1707-802,insufficient_for_tcad,4,4,Unknown,Sony A9 Image Sensor,DEF,5.95,,full_depth_front_dti,,,,two_shared,0,0,0,0,0,/Users/seongcheoljeong/Sensor_DB_TechInsight/techinsights_html_download/html/reports/149_DEF-1707-802.html,/Users/seongcheoljeong/Sensor_DB_TechInsight/techinsights_html_download/html/pdfs/149_DEF-1707-802/Sony_IMX310_Device_Essentials_Summary_DEF-1707-802.pdf
173,DEF-1708-805,process_snippet_only,4,3,Aptina,522487,DEF,3.0,,,,,,two_shared,0,0,0,1,0,/Users/seongcheoljeong/Sensor_DB_TechInsight/techinsights_html_download/html/reports/148_DEF-1708-805.html,/Users/seongcheoljeong/Sensor_DB_TechInsight/techinsights_html_download/html/pdfs/148_DEF-1708-805/ON_Semiconductor_AR0231_DEF-1708-805.pdf
174,DEF-1712-801,insufficient_for_tcad,4,4,Sony,IMX309AQJ,DEF,4.4,,full_depth_front_dti,,,,two_shared,0,0,0,0,0,/Users/seongcheoljeong/Sensor_DB_TechInsight/techinsights_html_download/html/reports/145_DEF-1712-801.html,/Users/seongcheoljeong/Sensor_DB_TechInsight/techinsights_html_download/html/pdfs/145_DEF-1712-801/Sony_IMX309AQJ_DEF-1712-801.pdf
175,DEF-1802-801,process_snippet_only,4,3,ON Semi,AR0144CSSC00SUKAH3-GEVB,DEF,3.0,,,,,,two_shared,0,0,0,1,0,/Users/seongcheoljeong/Sensor_DB_TechInsight/techinsights_html_download_missing_def_a6pf30000000GqhAAE/html/reports/078_DEF-1802-801.html,/Users/seongcheoljeong/Sensor_DB_TechInsight/techinsights_html_download_missing_def_a6pf30000000GqhAAE/html/pdfs/078_DEF-1802-801/ON_Semiconductor_AR0144_DEF-1802-801.pdf
176,DEF-1802-802,insufficient_for_tcad,4,4,Sony,IMX299CJK,DEF,2.4,,full_depth_front_dti,,,,quad_pixel,0,0,0,0,0,/Users/seongcheoljeong/Sensor_DB_TechInsight/techinsights_html_download/html/reports/142_DEF-1802-802.html,/Users/seongcheoljeong/Sensor_DB_TechInsight/techinsights_html_download/html/pdfs/142_DEF-1802-802/Sony_IMX299CJK_Device_Essentials_DEF-1802-802.pdf
177,DEF-1804-803,insufficient_for_tcad,4,4,Sony,IMX324,DEF,2.25,,full_depth_front_dti,,,,two_shared,0,0,0,0,0,/Users/seongcheoljeong/Sensor_DB_TechInsight/techinsights_html_download/html/reports/140_DEF-1804-803.html,/Users/seongcheoljeong/Sensor_DB_TechInsight/techinsights_html_download/html/pdfs/140_DEF-1804-803/Sony_IMX324_DEF-1804-803.pdf
178,DEF-1805-803,process_snippet_only,4,3,ON Semi,AS0140,DEF,3.0,,,,,,two_shared,0,0,0,1,0,/Users/seongcheoljeong/Sensor_DB_TechInsight/techinsights_html_download/html/reports/135_DEF-1805-803.html,/Users/seongcheoljeong/Sensor_DB_TechInsight/techinsights_html_download/html/pdfs/135_DEF-1805-803/ON_Semiconductor_AS0140AT_DEF-1805-803.pdf
179,DEF-1809-802,process_snippet_only,4,3,Sony,IMX250MZR,DEF,3.45,,,,,,two_shared,0,0,0,1,0,/Users/seongcheoljeong/Sensor_DB_TechInsight/techinsights_html_download/html/reports/131_DEF-1809-802.html,/Users/seongcheoljeong/Sensor_DB_TechInsight/techinsights_html_download/html/pdfs/131_DEF-1809-802/Sony_IMX250MZR_DEF-1809-802.pdf
180,DEF-1901-801,process_snippet_only,4,3,ON Semi,AR0237 RGB-IR,DEF,3.0,,,,,,two_shared,0,0,0,1,0,/Users/seongcheoljeong/Sensor_DB_TechInsight/techinsights_html_download/html/reports/124_DEF-1901-801.html,/Users/seongcheoljeong/Sensor_DB_TechInsight/techinsights_html_download/html/pdfs/124_DEF-1901-801/ON_Semiconductor_AR0237_RGB-IR_DEF-1901-801.pdf
181,DEF-1902-803,process_snippet_only,4,3,GPixel Inc,GMAX0505-BM,DEF,2.5,,,,,,two_shared,0,0,0,1,0,/Users/seongcheoljeong/Sensor_DB_TechInsight/techinsights_html_download/html/reports/121_DEF-1902-803.html,/Users/seongcheoljeong/Sensor_DB_TechInsight/techinsights_html_download/html/pdfs/121_DEF-1902-803/Gpixel_GMAX0505_Monochrome_Global_Shutter_CIS_DEF-1902-803.pdf
182,DEF-1905-803,process_snippet_only,4,3,PMD Technologies,IRS2381C,DEF,14.0,,,,,,standalone,0,0,0,1,0,/Users/seongcheoljeong/Sensor_DB_TechInsight/techinsights_html_download/html/reports/119_DEF-1905-803.html,/Users/seongcheoljeong/Sensor_DB_TechInsight/techinsights_html_download/html/pdfs/119_DEF-1905-803/Infineon_IRS2381C_DEF-1905-803.pdf
183,DEF-1908-802,insufficient_for_tcad,4,4,ON Semi,AR0221SR2C00SUEAH3-GEVB,DEF,4.2,3.5,,,,,two_shared,0,0,0,0,0,/Users/seongcheoljeong/Sensor_DB_TechInsight/techinsights_html_download/html/reports/115_DEF-1908-802.html,/Users/seongcheoljeong/Sensor_DB_TechInsight/techinsights_html_download/html/pdfs/115_DEF-1908-802/ON_Semiconductor_AR0221_DEF-1908-802.pdf
184,DEF-1912-801,insufficient_for_tcad,4,4,ON Semi,LI-AR0820-GMSL2_Front-Cam,DEF,2.1,,partial_depth_back_dti,,,,four_shared,0,0,0,0,0,/Users/seongcheoljeong/Sensor_DB_TechInsight/techinsights_html_download/html/reports/109_DEF-1912-801.html,/Users/seongcheoljeong/Sensor_DB_TechInsight/techinsights_html_download/html/pdfs/109_DEF-1912-801/ON_Semiconductor_AR0820_DEF-1912-801.pdf
185,DEF-2001-802,process_snippet_only,4,3,Canon,3862C002,DEF,3.4,,,,,,two_shared,0,0,0,1,0,/Users/seongcheoljeong/Sensor_DB_TechInsight/techinsights_html_download/html/reports/108_DEF-2001-802.html,/Users/seongcheoljeong/Sensor_DB_TechInsight/techinsights_html_download/html/pdfs/108_DEF-2001-802/Canon_3U5MGXSBAI_DEF-2001-802.pdf
186,DEF-2103-801,process_snippet_only,4,3,ON Semi,MARS1-AR0234ATSMS-GEVB,DEF,3.0,,,,,,two_shared,0,0,0,1,0,/Users/seongcheoljeong/Sensor_DB_TechInsight/techinsights_html_download_missing_def_a6pf30000000GqhAAE/html/reports/036_DEF-2103-801.html,/Users/seongcheoljeong/Sensor_DB_TechInsight/techinsights_html_download_missing_def_a6pf30000000GqhAAE/html/pdfs/036_DEF-2103-801/ONSemi_AR0234AT_DEF-2103-801.pdf
187,DEF-2103-803,process_snippet_only,4,3,SmartSens,SC4335,DEF,2.25,,,,,,standalone,0,0,0,1,0,/Users/seongcheoljeong/Sensor_DB_TechInsight/techinsights_html_download/html/reports/095_DEF-2103-803.html,/Users/seongcheoljeong/Sensor_DB_TechInsight/techinsights_html_download/html/pdfs/095_DEF-2103-803/SmartSens_SC4335_DEF-2103-803.pdf
188,DEF-2206-802,insufficient_for_tcad,4,4,ON Semi,AR0220AT3B00XUEA0-DPBR,DEF,4.2,3.5,,,,,two_shared,0,0,0,0,0,/Users/seongcheoljeong/Sensor_DB_TechInsight/techinsights_html_download/html/reports/076_DEF-2206-802.html,/Users/seongcheoljeong/Sensor_DB_TechInsight/techinsights_html_download/html/pdfs/076_DEF-2206-802/onsemi_AR0220AT_HDR_Automotive_CMOS_DEF-2206-802.pdf
189,DEF-2308-801,insufficient_for_tcad,4,4,Fujifilm,X-H2s,DEF,3.77,2.8,,,,,two_shared,0,0,0,0,0,/Users/seongcheoljeong/Sensor_DB_TechInsight/techinsights_html_download_missing_def_a6pf30000000GqhAAE/html/reports/007_DEF-2308-801.html,/Users/seongcheoljeong/Sensor_DB_TechInsight/techinsights_html_download_missing_def_a6pf30000000GqhAAE/html/pdfs/007_DEF-2308-801/Sony_IMX695AFR_DEF-2308-801.pdf
190,DEF-2407-802,insufficient_for_tcad,4,4,SmartSens,SC100AT-CS1AF00,DEF,3.0,2.3,,,,,standalone,0,0,0,0,0,/Users/seongcheoljeong/Sensor_DB_TechInsight/techinsights_html_download/html/reports/035_DEF-2407-802.html,/Users/seongcheoljeong/Sensor_DB_TechInsight/techinsights_html_download/html/pdfs/035_DEF-2407-802/SmartSens_SC100AT_DEF-2407-802.pdf; /Users/seongcheoljeong/Sensor_DB_TechInsight/techinsights_html_download_img_sensor_fc_pkg_2024_2026_a6pf30000000GqhAAE/html/pdfs/037_FCS-2407-861/Summary _ SmartSens_SC100AT_DEF-2407-802.pdf
191,DEF-2410-802,process_snippet_only,4,1,Sony,IMX900,DEF,2.25,,,,,,,0,0,0,4,0,/Users/seongcheoljeong/Sensor_DB_TechInsight/techinsights_html_download/html/reports/030_DEF-2410-802.html,
192,DEF-2502-803,process_snippet_only,4,1,Melexis,MLX90632SLD-BCB-000-SP,DEF,,,,,,,standalone,0,0,0,4,0,/Users/seongcheoljeong/Sensor_DB_TechInsight/techinsights_html_download_missing_def_a6pf30000000GqhAAE/html/reports/001_DEF-2502-803.html,
193,DEF-1405-801,insufficient_for_tcad,3,3,Melexis,MLX75411,DEF,5.5,,,,,,standalone,0,0,0,0,0,/Users/seongcheoljeong/Sensor_DB_TechInsight/techinsights_html_download/html/reports/164_DEF-1405-801.html,/Users/seongcheoljeong/Sensor_DB_TechInsight/techinsights_html_download/html/pdfs/164_DEF-1405-801/Melexis_MLX75411_Device_Essentials_Summary_DEF-1405-801.pdf
194,DEF-1405-802,insufficient_for_tcad,3,3,Leica,X1000,DEF,6.0,,,,,,standalone,0,0,0,0,0,/Users/seongcheoljeong/Sensor_DB_TechInsight/techinsights_html_download/html/reports/165_DEF-1405-802.html,/Users/seongcheoljeong/Sensor_DB_TechInsight/techinsights_html_download/html/pdfs/165_DEF-1405-802/CMOSIS_X1000B_Device_Essentials_Summary_DEF-1405-802.pdf
195,DEF-1406-801,process_snippet_only,3,2,E2V Technologies,EV76C570,DEF,4.5,,,,,,,0,0,0,1,0,/Users/seongcheoljeong/Sensor_DB_TechInsight/techinsights_html_download/html/reports/163_DEF-1406-801.html,/Users/seongcheoljeong/Sensor_DB_TechInsight/techinsights_html_download/html/pdfs/163_DEF-1406-801/e2v_EV76C570ABT-EQT_Device_Essentials_Summary_DEF-1406-801.pdf
196,DEF-1407-803,insufficient_for_tcad,3,3,Galaxycore Inc,GC5004,DEF,1.4,,,,,,two_shared,0,0,0,0,0,/Users/seongcheoljeong/Sensor_DB_TechInsight/techinsights_html_download/html/reports/162_DEF-1407-803.html,/Users/seongcheoljeong/Sensor_DB_TechInsight/techinsights_html_download/html/pdfs/162_DEF-1407-803/GalaxyCore_GC5004_Device_Essentials_Summary_DEF-1407-803.pdf
197,DEF-1408-801,process_snippet_only,3,2,OmniVision,OV5670,DEF,1.4,,,,,,four_shared,0,0,0,1,0,/Users/seongcheoljeong/Sensor_DB_TechInsight/techinsights_html_download/html/reports/160_DEF-1408-801.html,/Users/seongcheoljeong/Sensor_DB_TechInsight/techinsights_html_download/html/pdfs/160_DEF-1408-801/OmniVision_OV5670_Device_Essentials_Summary_DEF-1408-801.pdf
198,DEF-1506-804,insufficient_for_tcad,3,3,E2V Technologies,LINCE5M,DEF,5.0,,,,,,standalone,0,0,0,0,0,/Users/seongcheoljeong/Sensor_DB_TechInsight/techinsights_html_download/html/reports/157_DEF-1506-804.html,/Users/seongcheoljeong/Sensor_DB_TechInsight/techinsights_html_download/html/pdfs/157_DEF-1506-804/e2v_Lince_5M_Device_Essentials_Summary_DEF-1506-804.pdf
199,DEF-1511-803,insufficient_for_tcad,3,3,Sony,IMX224,DEF,3.75,,,,,,standalone,0,0,0,0,0,/Users/seongcheoljeong/Sensor_DB_TechInsight/techinsights_html_download/html/reports/156_DEF-1511-803.html,/Users/seongcheoljeong/Sensor_DB_TechInsight/techinsights_html_download/html/pdfs/156_DEF-1511-803/Sony_IMX224_CMOS_Image_Sensor_for_Industrial_Applications_DEF-1511-803.pdf
200,DEF-1609-802,insufficient_for_tcad,3,3,Nikon,IMX321AQJ,DEF,4.2,,,,,,two_shared,0,0,0,0,0,/Users/seongcheoljeong/Sensor_DB_TechInsight/techinsights_html_download/html/reports/152_DEF-1609-802.html,/Users/seongcheoljeong/Sensor_DB_TechInsight/techinsights_html_download/html/pdfs/152_DEF-1609-802/Sony_IMX321AQJ_from_Nikon_D500_DEF-1609-802.pdf
201,DEF-1707-803,insufficient_for_tcad,3,3,Fujitsu,F-04G_Biometric,DEF,1.12,,,,,,eight_shared,0,0,0,0,0,/Users/seongcheoljeong/Sensor_DB_TechInsight/techinsights_html_download_missing_def_a6pf30000000GqhAAE/html/reports/085_DEF-1707-803.html,/Users/seongcheoljeong/Sensor_DB_TechInsight/techinsights_html_download_missing_def_a6pf30000000GqhAAE/html/pdfs/085_DEF-1707-803/Sony_CIS_IRIS_Scanner_DEF-1707-803.pdf
202,DEF-1708-803,insufficient_for_tcad,3,3,OmniVision,OV4688,DEF,2.0,,,,,,two_shared,0,0,0,0,0,/Users/seongcheoljeong/Sensor_DB_TechInsight/techinsights_html_download/html/reports/146_DEF-1708-803.html,/Users/seongcheoljeong/Sensor_DB_TechInsight/techinsights_html_download/html/pdfs/146_DEF-1708-803/OmniVision_OV4688_Device_Essentials_Summary_DEF-1708-803.pdf
203,DEF-1708-804,insufficient_for_tcad,3,3,OmniVision,OS05A10,DEF,2.0,,,,,,two_shared,0,0,0,0,0,/Users/seongcheoljeong/Sensor_DB_TechInsight/techinsights_html_download_missing_def_a6pf30000000GqhAAE/html/reports/092_DEF-1708-804.html,/Users/seongcheoljeong/Sensor_DB_TechInsight/techinsights_html_download_missing_def_a6pf30000000GqhAAE/html/pdfs/092_DEF-1708-804/OmniVision_OS05A10_PureCel_CIS_DEF-1708-804.pdf
204,DEF-1801-801,insufficient_for_tcad,3,3,OmniVision,OVM6946-RAJA,DEF,1.75,,,,,,two_shared,0,0,0,0,0,/Users/seongcheoljeong/Sensor_DB_TechInsight/techinsights_html_download/html/reports/143_DEF-1801-801.html,/Users/seongcheoljeong/Sensor_DB_TechInsight/techinsights_html_download/html/pdfs/143_DEF-1801-801/OmniVision_OVM6946-RAJA_DEF-1801-801.pdf
205,DEF-1801-802,insufficient_for_tcad,3,3,Aptina,510689,DEF,1.1,,,,,,two_shared,0,0,0,0,0,/Users/seongcheoljeong/Sensor_DB_TechInsight/techinsights_html_download/html/reports/144_DEF-1801-802.html,/Users/seongcheoljeong/Sensor_DB_TechInsight/techinsights_html_download/html/pdfs/144_DEF-1801-802/ON_Semiconductor_AR1337_DEF-1801-802.pdf
206,DEF-1809-803,insufficient_for_tcad,3,3,OmniVision,OV2775_CIS,DEF,2.8,,,,,,standalone,0,0,0,0,0,/Users/seongcheoljeong/Sensor_DB_TechInsight/techinsights_html_download/html/reports/128_DEF-1809-803.html,/Users/seongcheoljeong/Sensor_DB_TechInsight/techinsights_html_download/html/pdfs/128_DEF-1809-803/Omnivision_OV2775_DEF-1809-803.pdf
207,DEF-1810-802,insufficient_for_tcad,3,3,Canon,LC1510_CIS,DEF,5.4,,,,,,dual_pixel,0,0,0,0,0,/Users/seongcheoljeong/Sensor_DB_TechInsight/techinsights_html_download/html/reports/129_DEF-1810-802.html,/Users/seongcheoljeong/Sensor_DB_TechInsight/techinsights_html_download/html/pdfs/129_DEF-1810-802/Canon_LC1510_CIS_DEF-1810-802.pdf
208,DEF-1902-801,process_snippet_only,3,2,ON Semi,AR0233AT1B00XUEA0-DRBR-E,DEF,3.0,,,,,,,0,0,0,1,0,/Users/seongcheoljeong/Sensor_DB_TechInsight/techinsights_html_download/html/reports/122_DEF-1902-801.html,/Users/seongcheoljeong/Sensor_DB_TechInsight/techinsights_html_download/html/pdfs/122_DEF-1902-801/ON_Semiconductor_AR0233AT_DEF-1902-801.pdf
209,DEF-1907-803,insufficient_for_tcad,3,3,OmniVision,OV2311,DEF,3.0,,,,,,two_shared,0,0,0,0,0,/Users/seongcheoljeong/Sensor_DB_TechInsight/techinsights_html_download/html/reports/116_DEF-1907-803.html,/Users/seongcheoljeong/Sensor_DB_TechInsight/techinsights_html_download/html/pdfs/116_DEF-1907-803/OmniVision_OV2311_DEF-1907-803.pdf
210,DEF-2012-802,insufficient_for_tcad,3,3,Unknown,CeleX-V,DEF,9.8,,,,,,standalone,0,0,0,0,0,/Users/seongcheoljeong/Sensor_DB_TechInsight/techinsights_html_download/html/reports/098_DEF-2012-802.html,/Users/seongcheoljeong/Sensor_DB_TechInsight/techinsights_html_download/html/pdfs/098_DEF-2012-802/CelePixel_CeleX_V_DEF-2012-802.pdf
211,DEF-2104-802,process_snippet_only,3,2,Sony,IMX991-AABA,DEF,5.0,,,,,,standalone,0,0,0,1,0,/Users/seongcheoljeong/Sensor_DB_TechInsight/techinsights_html_download/html/reports/096_DEF-2104-802.html,/Users/seongcheoljeong/Sensor_DB_TechInsight/techinsights_html_download/html/pdfs/096_DEF-2104-802/Sony_IMX990_DEF-2104-802.pdf
212,DEF-2105-801,insufficient_for_tcad,3,3,Prophesee,V2M_CIS,DEF,15.0,,,,,,standalone,0,0,0,0,0,/Users/seongcheoljeong/Sensor_DB_TechInsight/techinsights_html_download/html/reports/091_DEF-2105-801.html,/Users/seongcheoljeong/Sensor_DB_TechInsight/techinsights_html_download/html/pdfs/091_DEF-2105-801/Prophesee_V2M_DEF-2105-801.pdf; /Users/seongcheoljeong/Sensor_DB_TechInsight/techinsights_html_download/html/pdfs/091_DEF-2105-801/Prophosee_V2M_DEF-2105-801.pdf
213,DEF-2107-801,insufficient_for_tcad,3,3,Canon,LY1240_CIS,DEF,4.1,,,,,,standalone,0,0,0,0,0,/Users/seongcheoljeong/Sensor_DB_TechInsight/techinsights_html_download/html/reports/089_DEF-2107-801.html,/Users/seongcheoljeong/Sensor_DB_TechInsight/techinsights_html_download/html/pdfs/089_DEF-2107-801/Canon_LI7050_DEF-2107-801.pdf
214,DEF-2212-803,insufficient_for_tcad,3,3,Panasonic,MN34450_CIS,DEF,4.3,,,,,,standalone,0,0,0,0,0,/Users/seongcheoljeong/Sensor_DB_TechInsight/techinsights_html_download/html/reports/064_DEF-2212-803.html,/Users/seongcheoljeong/Sensor_DB_TechInsight/techinsights_html_download/html/pdfs/064_DEF-2212-803/Nuvoton_KM34450PLJ_DEF-2212-803.pdf
215,DEF-2308-803,insufficient_for_tcad,3,3,,,DEF,11.2,10.5,,,,,standalone,0,0,0,0,0,/Users/seongcheoljeong/Sensor_DB_TechInsight/techinsights_html_download_missing_def_a6pf30000000GqhAAE/html/reports/006_DEF-2308-803.html,/Users/seongcheoljeong/Sensor_DB_TechInsight/techinsights_html_download_missing_def_a6pf30000000GqhAAE/html/pdfs/006_DEF-2308-803/GPixel_GSENSE400BSI_DEF-2308-803.pdf
216,DEP-2603-801,process_snippet_only,3,0,Samsung,JN5,DEP,,,,,,,,0,0,0,4,0,/Users/seongcheoljeong/Sensor_DB_TechInsight/techinsights_html_download_dep_a6pf30000009PYHAA2/html/reports/047_DEP-2603-801.html,
217,DEF-1407-802,insufficient_for_tcad,2,2,OmniVision,OV10635-N29Y-PB,DEF,4.2,,,,,,,0,0,0,0,0,/Users/seongcheoljeong/Sensor_DB_TechInsight/techinsights_html_download/html/reports/161_DEF-1407-802.html,/Users/seongcheoljeong/Sensor_DB_TechInsight/techinsights_html_download/html/pdfs/161_DEF-1407-802/OV10635_Device_Essentials_Summary_DEF-1407-802.pdf
218,DEF-2007-801,insufficient_for_tcad,2,2,Newsight Imaging,NSI1000A0,DEF,6.0,,,,,,four_shared,0,0,0,0,0,/Users/seongcheoljeong/Sensor_DB_TechInsight/techinsights_html_download/html/reports/104_DEF-2007-801.html,/Users/seongcheoljeong/Sensor_DB_TechInsight/techinsights_html_download/html/pdfs/104_DEF-2007-801/Newsight_Imaging_NSI1000_DEF-2007-801.pdf
219,DEF-2304-806,process_snippet_only,2,1,,,DEF,1.75,,,,,,,0,0,0,1,0,/Users/seongcheoljeong/Sensor_DB_TechInsight/techinsights_html_download_missing_def_a6pf30000000GqhAAE/html/reports/012_DEF-2304-806.html,/Users/seongcheoljeong/Sensor_DB_TechInsight/techinsights_html_download_missing_def_a6pf30000000GqhAAE/html/pdfs/012_DEF-2304-806/TI Image_Sensor_Design_Wins_Tracker_Volume_8_Issue_1.pdf
220,DEF-2211-801,insufficient_for_tcad,1,1,Stratio,BeyonSense 1,DEF,,,,,,,standalone,0,0,0,0,0,/Users/seongcheoljeong/Sensor_DB_TechInsight/techinsights_html_download_missing_def_a6pf30000000GqhAAE/html/reports/019_DEF-2211-801.html,/Users/seongcheoljeong/Sensor_DB_TechInsight/techinsights_html_download_missing_def_a6pf30000000GqhAAE/html/pdfs/019_DEF-2211-801/Stratio_BeyonSense_SWIR_DEF-2211-801.pdf
221,DEF-2304-805,insufficient_for_tcad,1,1,,,DEF,,,dti_present,,,,,0,0,0,0,0,/Users/seongcheoljeong/Sensor_DB_TechInsight/techinsights_html_download_missing_def_a6pf30000000GqhAAE/html/reports/011_DEF-2304-805.html,/Users/seongcheoljeong/Sensor_DB_TechInsight/techinsights_html_download_missing_def_a6pf30000000GqhAAE/html/pdfs/011_DEF-2304-805/TI 2020_Noteworthy_Image_Sensor_Patents_Vol_8_No_1_REDACTED.pdf
222,DEF-2606-802,insufficient_for_tcad,0,0,OmniVision,BKQ-N49_Rear-Cam3_CIS,DEF,,,,,,,,0,0,0,0,0,/Users/seongcheoljeong/Sensor_DB_TechInsight/techinsights_html_download/html/reports/167_DEF-2606-802.html,
223,DEP-2602-801,insufficient_for_tcad,0,0,OmniVision,OX05C1S_CIS,DEP,,,,,,,,0,0,0,0,0,/Users/seongcheoljeong/Sensor_DB_TechInsight/techinsights_html_download_dep_a6pf30000009PYHAA2/html/reports/046_DEP-2602-801.html,
224,DEP-2606-801,insufficient_for_tcad,0,0,Sony,LYT-901,DEP,,,,,,,,0,0,0,0,0,/Users/seongcheoljeong/Sensor_DB_TechInsight/techinsights_html_download_dep_a6pf30000009PYHAA2/html/reports/048_DEP-2606-801.html,
